,start,end,device_id,xy,meter_number,meter_installation,srn_number,account_number,region,county,type_of_industry,metering_installation,programming_initial,programming_final,meter_terminal_initial,meter_terminal_final,test_block_initial,test_block_final,meter_body_seal_initial,meter_body_seal_final,smart_meter_enclosure_initial,smart_meter_enclosure_final,amr_initial,amr_final,other_seals,connection_configs,meter_voltage_at_site,ct_ratio_programmed,ct_ratio_at_meter,ct_ratio_installed,vt_ratio,ct_vt_done,ct_vt_match,mismatch_description,zera_test_done,error_trial_per,error_test_remarks,error_per,test_results_remarks,meter_pass_test,red_phase_amcorder,red_phase_meter,yellow_phase_amcoder,yellow_phase_meter,blue_phase_amcorder,blue_phase_meter,load_balancing,m_n_clamp_currents,time_actual,part_eight/time_meter,date_actual,date_meter,current_180_kwh,memory_180_kwh,image_180_kwh,current_280_kwh,memory_280_kwh,image_280_kwh,current_960_kva,memory_960_kva,current_150_kwh,memory_150_kwh,current_181_kwh,part_eight/memory_181_kwh,current_182_kwh,memory_182_kwh,instateneous_970_kva,instateneous_170_kva,red_phase_voltage,yellow_phase_voltage,blue_phase_voltage,red_phase_current,yellow_phase_current,blue_phase_current,power_factor,reading_remarks,solar_installation,solar_size,solar_installation_date,overall_remarks,declaration,instance_id,instance_name,submission_date,submitter_id,submitter_name
0,2025-08-10T17:05:10.518+03:00,2025-08-10T17:15:00.947+03:00,collect:g4DxhKlaEMmm7HuE,"[36.8130748, -1.2859714, 0]",040016114181,UTUMISHI INVESTMENT LIMITED,530332.0,5303326,NAIROBI,NAIROBI WEST,MULTI_USE_OFFICE_COMPLEX,GROUND_MOUNTED_ACCESSIBLE,Metallic 2015,Maintain ,Kplc81667,Maintain ,Kp20753948,Maintain ,Metallic 2016,Maintain ,Kpl21741588,Kpl21628494,,,,3P4W,1/1/,300/5,1754834996237.jpg,300/5,vt_ratio_1/1,y_n_no,ct_vt_match_yes,No mismatch ,zera_test_done_no,,,,,,40.0,40.0,36.0,36.0,26.0,26.0,Load balancing oky,m_n_clamp_currents_yes,17:11:00.000+03:00,17:13:00.000+03:00,2025-08-10,2025-08-10,2620806,2614785,1754835164322.jpg,0,0,1754835185385.jpg,51.0,55.6,50.7,55.6,1722162,1718519,898643,896266,,,242.0,241.0,242.0,38.0,40.0,30.0,0.987,Oky,solar_installation_no,,,Installation is oky,declaration_yes,uuid:c4e313cf-b18d-4299-b328-fe5419a2d785,-1.2859714 36.8130748 0.0 1000.0,2025-08-10T14:15:02.064Z,237,KPL19742-Muguthi
1,2025-08-10T16:50:43.524+03:00,2025-08-10T17:00:03.695+03:00,collect:g4DxhKlaEMmm7HuE,"[36.8130151, -1.2859294, 0]",040016114362,CENTRE PARK PLAZA LTD,32934.0,329344,NAIROBI,NAIROBI WEST,MULTI_USE_OFFICE_COMPLEX,GROUND_MOUNTED_ACCESSIBLE,Metallic 2015,Maintain ,Kplc81694,Maintain ,Kp20753911,Maintain ,Metallic 2015,Maintain ,Kpl21741553,Kpl21628403,,,,3P4W,1/1/,300/5,1754834119470.jpg,300/5,vt_ratio_1/1,y_n_no,ct_vt_match_yes,No mismatch ,zera_test_done_no,,,,,,5.0,5.0,7.0,7.0,10.0,10.0,Oky,m_n_clamp_currents_yes,16:57:00.000+03:00,16:58:00.000+03:00,2025-08-10,2025-08-10,714436,713625,1754834271749.jpg,50,50,1754834296367.jpg,8.5,11.7,8.2,11.3,511905,511436,202531,202188,,,242.0,242.0,243.0,14.0,13.0,13.0,0.987,Oky,solar_installation_no,,,Installation is oky,declaration_yes,uuid:f93fb5ef-44c2-46ed-b531-beac277e28a0,-1.2859294 36.8130151 0.0 1000.0,2025-08-10T14:00:04.700Z,237,KPL19742-Muguthi
2,2025-08-10T16:26:17.998+03:00,2025-08-10T16:36:29.471+03:00,collect:g4DxhKlaEMmm7HuE,"[36.8144287, -1.2874113, 0]",040016113464,NAIROBI CITY WATER &amp;SEWARAGE LIMITED,2431774.0,24317741,NAIROBI,NAIROBI WEST,COUNTY_GOV_OFFICES,GROUND_MOUNTED_ACCESSIBLE,Metallic 2015,Maintain ,Kp21048259,Maintain ,Kp20735924/35908,Maintain ,Metallic 2015,Maintain ,Kpl21741526//958,Kpl21628473/8458,,,,3P4W,1/1/,2000/5,1754832727633.jpg,2000/5,vt_ratio_1/1,y_n_no,ct_vt_match_yes,No mismatch ,zera_test_done_no,,,,,,0.0,0.0,0.0,0.0,2.0,2.0,Oky,m_n_clamp_currents_yes,16:33:00.000+03:00,16:34:00.000+03:00,2025-08-10,2025-08-10,131176,130861,1754832835334.jpg,0,0,1754832854370.jpg,10.0,10.0,10.0,10.0,69402,69229,61773,61632,,,234.0,234.0,231.0,0.0,0.0,2.0,1.0,Oky,solar_installation_no,,,Very low current observed.thia is Nairobi water stand by pupms,declaration_yes,uuid:bc847ede-8fc0-4ad2-8137-da0cbde6de7b,-1.2874113 36.8144287 0.0 100.0,2025-08-10T13:36:30.524Z,237,KPL19742-Muguthi
3,2025-08-10T15:48:32.171+03:00,2025-08-10T15:58:34.623+03:00,collect:g4DxhKlaEMmm7HuE,"[36.8127463, -1.2908392, 0]",040016117047,M/S WARDEN C P OF KENYA,530249.0,5302492,NAIROBI,NAIROBI WEST,MULTI_USE_OFFICE_COMPLEX,GROUND_MOUNTED_ACCESSIBLE,Metallic 2016,Maintain ,Kplc0082304,Maintain ,Kp20720127,Maintain ,Metallic 2016,Maintain ,Kpl21740689,Kpl21628434,,,,3P4W,1/1/,300/5,1754830357125.jpg,300/5,vt_ratio_1/1,y_n_no,ct_vt_match_yes,No mismatch ,zera_test_done_no,,,,,,20.0,20.0,24.0,24.0,72.0,72.0,Load balancing not observed ,m_n_clamp_currents_yes,15:54:00.000+03:00,15:54:00.000+03:00,2025-08-10,2025-08-10,1327867,1322599,1754830520480.jpg,0,0,1754830558011.jpg,58.5,52.3,58.2,51.8,906987,903759,420879,418839,,,247.0,244.0,240.0,20.0,24.0,65.0,0.982,Load balancing not observed ,solar_installation_no,,,Installation is oky but load balancing not observed ,declaration_yes,uuid:6019918e-275d-4e02-bfcd-7e737e5f1b60,-1.2908392 36.8127463 0.0 100.0,2025-08-10T12:58:35.478Z,237,KPL19742-Muguthi
4,2025-08-10T15:22:16.726+03:00,2025-08-10T15:34:16.341+03:00,collect:g4DxhKlaEMmm7HuE,"[36.8130828, -1.2920477, 0]",040010110080,Dioceses of nyeri trustee,530231.0,5302310,NAIROBI,NAIROBI WEST,HOSPITALITY,AMR_METERING,Kp210364003,Maintain ,Kpl21741599,Maintain ,Kpl21741525,Maintain ,Kpl21741547,Maintain ,None,N/A,Kpl21740902,"
Kpl21803052/3090",,3P4W,1/1/,300/5,1754828882631.jpg,300/5,vt_ratio_1/1,y_n_no,ct_vt_match_yes,No mismatch ,zera_test_done_no,,,,,,32.0,32.0,23.0,22.0,26.0,24.0,Load balancing oky,m_n_clamp_currents_yes,15:30:00.000+03:00,15:31:00.000+03:00,2025-08-10,2025-08-10,935075,929669,1754829061892.jpg,1159,1159,1754829086962.jpg,52.0,58.0,51.0,57.0,484092,48632,450983,449036,,,239.0,239.0,238.0,30.7,22.0,24.0,0.905,Oky,solar_installation_no,,,"Installation is .
If possible the arm should be retrofitted",declaration_yes,uuid:ef514765-131f-473f-9cc2-ad4f468f9037,-1.2920477 36.8130828 0.0 100.0,2025-08-10T12:34:17.471Z,237,KPL19742-Muguthi
5,2025-08-09T16:35:00.987+03:00,2025-08-09T16:54:58.379+03:00,collect:g4DxhKlaEMmm7HuE,"[36.83742, -1.3247083, 1648.3]",0400161199,Fisheries ministry deupt,10198322.0,105053276,NAIROBI,NAIROBI WEST,MULTI_USE_OFFICE_COMPLEX,GROUND_MOUNTED_ACCESSIBLE,16121194,Maintain ,Kpl21742881,Kpl21803087,N/A,None,Kpl21742655,Maintain ,Kpl21747439,Kpl21803061,,,,3P4W,1/1/,200/5,1754747270757.jpg,200/5,vt_ratio_1/1,y_n_yes,ct_vt_match_yes,No mismatch ,zera_test_done_no,,,,,,0.54,0.54,0.0,0.0,0.0,0.0,"Very low load on red,0 at yello,0 on blue",m_n_clamp_currents_yes,16:49:00.000+03:00,16:49:00.000+03:00,2025-08-09,2025-08-09,162377,16237,1754747509290.jpg,58,0,1754747682509.jpg,0.122,9.0,0.112,8.304,9045,9045,7191,7191,,,236.0,237.0,237.0,0.56,0.0,0.0,0.9,Oky,solar_installation_no,,,Very low current recorded ,declaration_yes,uuid:9f66c0da-2d8a-4725-aba6-a0a29411c18c,-1.3247083 36.83742 1648.3 3.5999999046325684,2025-08-09T13:54:59.662Z,237,KPL19742-Muguthi
6,2025-08-09T12:51:12.634+03:00,2025-08-09T13:00:52.068+03:00,collect:8g7CvBhTHeg9gsvL,"[37.6581002, 0.0416035, 1516]",040016117608,Kenya planters co-op Union ltd ,710173.0,17101734,MOUNT_KENYA,MERU,FOOD_PROCESSING,POLE_MOUNTED_ELEVATED,2018,2018,20982128,22300797,Na,Na,2018,2018,None,22300740,,,None ,3P4W,1/1/,1/1,1754733306896.jpg,1/1,vt_ratio_1/1,y_n_yes,ct_vt_match_yes,None ,zera_test_done_no,,,,,,2.0,0.0,19.0,0.0,1.0,19.0,Ok,m_n_clamp_currents_yes,12:56:00.000+03:00,12:35:00.000+03:00,2025-08-09,2025-08-05,49198,48805,1754733466951.jpg,0,0,1754733496864.jpg,8.0,7.0,7.0,7.0,6027535,27232,21662,21572,,,233.0,242.0,239.0,2.0,0.0,18.0,0.9,Okay ,solar_installation_no,,,,declaration_yes,uuid:d30da2b7-f26c-4864-a545-c98ad1f29dde,0.0416035 37.6581002 1516.0 15.986000061035156,2025-08-09T10:00:52.752Z,272,KPL16937-AYUB
7,2025-08-09T12:08:26.506+03:00,2025-08-09T12:44:00.953+03:00,collect:sxIkpTj3bZXlmG7e,"[37.259682, -1.5238301, 1591.300048828125]",040016113685,Mini bakery ltd,20702025.0,20702025,NAIROBI,MACHAKOS,FOOD_PROCESSING,POLE_MOUNTED_ACCESSIBLE,Plate type -2015,Plate type -2015,21805357,21503440,20528466,20528466,Plate type -2015,Plate type -2015,21500558,21503421,,,None,3P4W,1/1/,500/5,1754731236887.jpg,500/5,vt_ratio_1/1,y_n_yes,ct_vt_match_yes,No mismatch,zera_test_done_no,,,,,,108.0,108.0,110.0,110.0,118.0,118.0,Okay,m_n_clamp_currents_yes,12:22:00.000+03:00,12:24:00.000+03:00,2025-08-09,2025-08-09,8102455,8081538,1754731464130.jpg,109,109,1754731500658.jpg,120.0,125.0,120.0,125.0,4118130,4107415,3984327,3974122,,,233.0,232.0,231.0,108.0,110.0,118.0,0.9,Reading okay,solar_installation_no,,,"Meter okay, faulty communication  module",declaration_yes,uuid:d0e452f9-6512-4878-9f79-59de8bae2279,-1.5238301 37.259682 1591.300048828125 11.17300033569336,2025-08-09T09:44:02.643Z,249,KPL85123-Levi
8,2025-08-09T11:24:35.989+03:00,2025-08-09T12:42:20.675+03:00,collect:sxIkpTj3bZXlmG7e,"[37.259854, -1.522997, 1598.5]",040016112718,Eastern flour mills,531604.0,1,NAIROBI,MACHAKOS,FOOD_PROCESSING,POLE_MOUNTED_ACCESSIBLE,Plate type-2015,Plate type-2015,21805318,21503499,20332754,20332754,Plate type-2015,Plate type-2015,21805373,21503459,,,None,3P4W,1/1/,300/5,1754729432175.jpg,300/5,vt_ratio_1/1,y_n_yes,ct_vt_match_yes,No mismatch,zera_test_done_no,,,,,,55.0,54.0,56.0,54.0,58.0,57.0,Balanced loads,m_n_clamp_currents_yes,11:53:00.000+03:00,11:53:00.000+03:00,2025-08-09,2025-08-09,2695517,2693338,1754729666050.jpg,10944,10944,1754729718387.jpg,122.0,127.0,106.0,111.0,1951384,1949315,7444133,744023,,,240.0,241.0,243.0,56.0,55.0,50.0,0.999,Reading okay,solar_installation_no,,,"Meter okay, faulty communication module",declaration_yes,uuid:d39a33a0-3811-40c4-9ea2-2f462382e9bc,-1.522997 37.259854 1598.5 2.9000000953674316,2025-08-09T09:43:22.610Z,249,KPL85123-Levi
9,2025-08-09T12:18:53.036+03:00,2025-08-09T12:30:43.518+03:00,collect:8g7CvBhTHeg9gsvL,"[37.6521884, 0.0450124, 1565.300048828125]",040016112294,Abdul Rashid property ,4105219.0,144087547,MOUNT_KENYA,MERU,SUPERMARKET,POLE_MOUNTED_ELEVATED,2016,2016,20960487,22300705,Na,Na,2016,2016,209845509,22300728,,,Na,3P4W,1/1/,300/5,1754731579808.jpg,300/5,vt_ratio_1/1,y_n_yes,ct_vt_match_yes,None ,zera_test_done_no,,,,,,64.0,60.0,68.0,64.0,59.0,65.0,Ok,m_n_clamp_currents_yes,12:27:00.000+03:00,12:27:00.000+03:00,2025-08-09,2025-08-09,2193724,2188038,1754731702274.jpg,0,0,1754731726146.jpg,61.0,61.0,60.0,60.0,1463672,1459497,730052,7285540,,,236.0,239.0,240.0,60.0,64.0,58.0,0.9,Ok,solar_installation_no,,,Okay ,declaration_yes,uuid:fe5816f5-ae0c-4dd6-90b8-f8d52f68deed,0.0450124 37.6521884 1565.300048828125 25.395000457763672,2025-08-09T09:30:43.832Z,272,KPL16937-AYUB
10,2025-08-09T11:55:43.873+03:00,2025-08-09T12:05:55.347+03:00,collect:8g7CvBhTHeg9gsvL,"[37.6414665, 0.0497879, 1665]",040016112312,Meru water and sewerage ,2251917.0,22519177,MOUNT_KENYA,MERU,WATER_COMPANY,POLE_MOUNTED_ELEVATED,2016,2016,20964587,22300756,Na,Na,2016,2016,None ,22300725,,,None,3P4W,1/1/,200/5,1754730055157.jpg,200/5,vt_ratio_1/1,y_n_yes,ct_vt_match_yes,None,zera_test_done_no,,,,,,0.2,0.2,0.0,240.0,241.0,239.0,Ok,m_n_clamp_currents_yes,12:02:00.000+03:00,12:02:00.000+03:00,2025-08-09,2025-08-09,3011426,3005915,1754730207401.jpg,12,12,1754730225778.jpg,67.0,68.0,64.0,65.0,1416542,1413950,1594884,1591964,,,241.0,240.0,239.0,0.0,0.0,0.2,0.9,Okay ,solar_installation_no,,,Ok,declaration_yes,uuid:361862d9-a7ac-4fdf-ac8f-a0962a17542b,0.0497879 37.6414665 1665.0 5.611999988555908,2025-08-09T09:06:04.776Z,272,KPL16937-AYUB
11,2025-08-07T16:44:33.845+03:00,2025-08-09T11:30:39.394+03:00,collect:8g7CvBhTHeg9gsvL,"[37.6444928, 0.0595708, 1661.0999755859375]",040016115381,MS MERU TEACHERS TRAINING ,710091.0,17100918,MOUNT_KENYA,MERU,ACADEMIC_INSTITUTIONS,POLE_MOUNTED_ELEVATED,20208543,20208543,20353435,22300788,Na,Na,Na,Na,20984719,22300792,,,Na,3P4W,1/1/,1/1,1754727693854.jpg,1/1,vt_ratio_1/1,y_n_no,ct_vt_match_yes,None ,zera_test_done_no,,,,,,0.0,0.0,0.2,0.0,0.0,0.3,Ok,m_n_clamp_currents_yes,11:23:00.000+03:00,11:23:00.000+03:00,2025-08-09,2025-08-09,818373,7099882,1754727938820.jpg,2,2,1754727969642.jpg,44.0,39.0,43.0,38.0,409988,408388,408385,407258,,,240.0,243.0,241.0,0.0,0.0,0.2,0.9,Ok,solar_installation_no,,,Okay ,declaration_yes,uuid:09aecdb9-69c4-41b6-8fdf-21993303743a,0.0595708 37.6444928 1661.0999755859375 58.75899887084961,2025-08-09T08:30:40.212Z,272,KPL16937-AYUB
12,2025-08-09T10:52:06.644+03:00,2025-08-09T11:21:57.026+03:00,collect:cYJ9jlnLW2CDT63l,"[37.2606267, -1.523285, 1590.699951171875]",040016112566,SHRI GAYATRI BOREWELL LTD,164127320.0,164127320,NAIROBI,MACHAKOS,MANUFACTURING,POLE_MOUNTED_ACCESSIBLE,Plate type-2015,Plate type-2015,21487908,21503484,20330037,20330037,Plate type - 2015,Plate type - 2015,21500501,21503467,,,None,3P4W,1/1/,300/5,1754726442630.jpg,300/5,vt_ratio_1/1,y_n_yes,ct_vt_match_yes,No missmatch,zera_test_done_no,,,,,,29.0,29.0,21.0,21.0,23.0,23.0,Balanced loads,m_n_clamp_currents_yes,11:03:00.000+03:00,11:04:00.000+03:00,2025-08-09,2025-08-09,810366,809905,1754726688749.jpg,169,169,1754726719071.jpg,11.0,14.0,9.0,14.0,531280,530964,279085,278940,,,232.0,231.0,235.0,29.0,21.0,23.0,0.9,Okay,solar_installation_no,,,No incidences,declaration_yes,uuid:94f2febb-50b0-42ad-a9f6-bd47885290cf,-1.523285 37.2606267 1590.699951171875 2.700000047683716,2025-08-09T08:21:57.578Z,317,KPL19491-RODGERS KIPCHUMBA
13,2025-08-07T17:26:23.752+03:00,2025-08-09T09:41:10.087+03:00,collect:BOOsp9s0hgL4BCg1,"[37.8635467, -2.33862, 1001.2]",040016117869,Kenya pipeline,,28014900,NAIROBI,MAKUENI,SERVICE,GROUND_MOUNTED_ELEVATED,2016,2016,20602224,Kp20602224,Kp20602248..20602281,Kp20602248..20602281,2016,2016,Kplc20337450,Kpl21539444,,,,3P3W,132000/110,25/1,1754577116293.jpg,25/1,vt_ratio_132000/110,y_n_no,ct_vt_match_yes,No mismatch,zera_test_done_no,,,,,,0.25,0.25,0.0,0.0,0.25,0.25,Balanced,m_n_clamp_currents_yes,09:33:00.000+03:00,09:33:00.000+03:00,2025-08-09,2025-08-09,12016965,12012705,1754577236569.jpg,216153,214983,1754577275120.jpg,60.0,60.0,30.0,30.0,6564939,6563097,5422026,5449608,,,132000.0,135900.0,137412.0,0.25,0.0,0.25,0.3,Poor pf,solar_installation_no,,,Installation in okay,declaration_yes,uuid:db26790d-fe5e-4e1e-9f47-6290cc3a9dca,-2.33862 37.8635467 1001.2 4.599999904632568,2025-08-09T06:41:21.246Z,253,KPL17162-Njaramba
14,2025-08-08T13:48:41.474+03:00,2025-08-08T14:35:24.869+03:00,collect:av78KlH9C4BYXwLt,"[36.8161111, -1.3014686, 1777.3]",040016112141,ASSOCIATED CONSTRUCTION LTD,,39582085,NAIROBI,NAIROBI WEST,MULTI_USE_OFFICE_COMPLEX,GROUND_MOUNTED_ACCESSIBLE,Plate  2015,Plate  2015,Nil,21804571,207533748,207533748,Plate  2015,Plate  2015,Nil,21776759,,,21039006 back door,3P4W,1/1/,1000/5,1754652319732.jpg,1000/5,vt_ratio_1/1,y_n_yes,ct_vt_match_yes,Non,zera_test_done_no,,,,,,40.0,41.0,48.0,47.0,45.0,47.0,Ok,m_n_clamp_currents_yes,14:26:00.000+03:00,14:27:00.000+03:00,2025-08-08,2025-08-08,2142148,2138369,1754652555250.jpg,1,1,1754652585768.jpg,43.2,48.0,43.2,47.8,1334404,1331933,807744,806436,,,246.0,247.0,245.0,44.2,47.0,40.0,0.99,Ok,solar_installation_no,,,Non,declaration_yes,uuid:0de74f43-18dc-44ef-8a44-80c0c4646229,-1.3014686 36.8161111 1777.3 899.9990234375,2025-08-08T16:13:03.932Z,240,KPL-2843-Migwi
15,2025-08-07T11:50:52.424+03:00,2025-08-08T18:54:30.415+03:00,collect:OUVBvpeZUMgbQSfF,"[36.8322598, -1.3251386, 1641.0999755859375]",040016117603,National oil,,4135998,NAIROBI,NAIROBI WEST,GOVT_PARASTATAL,GROUND_MOUNTED_ACCESSIBLE,,,21745562,21742833,,,,,,,,,,3P4W,1/1/,1/1,1754556827322.jpg,1/1,vt_ratio_1/1,y_n_yes,ct_vt_match_yes,None,zera_test_done_no,,,,,,55.0,55.0,17.0,17.0,35.0,35.0,Not balanced,m_n_clamp_currents_yes,11:55:00.000+03:00,11:55:00.000+03:00,2025-08-07,2025-08-07,642326,640332,1754556939841.jpg,115,115,1754556978276.jpg,21.0,32.0,21.0,32.0,313908,312960,328418,327371,,,237.0,240.0,239.0,50.0,16.0,29.0,0.999,Okay,solar_installation_no,,,Installation okay,declaration_yes,uuid:cb7df2d1-54f9-488d-9046-88579fc933c9,-1.3251386 36.8322598 1641.0999755859375 137.3800048828125,2025-08-08T15:54:30.705Z,235,KPL84004-KARATU
16,2025-08-07T11:59:05.413+03:00,2025-08-08T18:54:23.120+03:00,collect:OUVBvpeZUMgbQSfF,"[36.8323139, -1.3251297, 1641.0999755859375]",040013030115,National,,4135996,NAIROBI,NAIROBI WEST,GOVT_PARASTATAL,AMR_METERING,,,21746492,21771084,,,,,,,,,,3P4W,1/1/,200/5,1754557289848.jpg,200/5,vt_ratio_1/1,y_n_no,ct_vt_match_yes,None,zera_test_done_no,,,,,,2.0,2.0,1.0,1.0,1.0,1.0,Okay,m_n_clamp_currents_yes,12:02:00.000+03:00,12:02:00.000+03:00,2025-08-07,2025-08-07,125184,124968,1754557434463.jpg,0,0,1754557463064.jpg,9.0,9.0,8.0,9.0,79444,79332,45740,45635,,,238.0,240.0,239.0,16.0,15.0,9.0,0.86,Unbalanced,solar_installation_no,,,Replace with advanced meter,declaration_yes,uuid:4f8c5401-c561-42d0-8cb5-b1fdc85b2c6e,-1.3251297 36.8323139 1641.0999755859375 867.6099853515625,2025-08-08T15:54:23.496Z,235,KPL84004-KARATU
17,2025-08-08T10:43:42.447+03:00,2025-08-08T17:11:07.451+03:00,collect:BOOsp9s0hgL4BCg1,"[37.9690036, -2.4048254, 875.3999633789062]",040016112329,Hort. crop dev.author,,21904721,NAIROBI,MAKUENI,AGRIBUSINESS,POLE_MOUNTED_ELEVATED,2015,2015,20337415,Kplc20337415,Kplc20334291,Kplc20334291,2015,2015,None,Kpl21539492,,,,3P4W,1/1/,200/5,1754639789853.jpg,200/5,vt_ratio_1/1,y_n_no,ct_vt_match_yes,No mismatch,zera_test_done_no,,,,,,4.0,4.0,6.0,6.0,4.0,4.0,Balanced,m_n_clamp_currents_yes,10:57:00.000+03:00,10:57:00.000+03:00,2025-08-08,2025-08-08,168646,168552,1754639916480.jpg,1123,1123,1754639960657.jpg,5.0,5.0,4.0,4.0,70838,70793,97807,97758,,,235.0,244.0,245.0,5.0,8.0,5.0,0.9,Okay,solar_installation_no,,,Installation okay,declaration_yes,uuid:b28304d8-ae2b-454f-8182-0f993a98e0e9,-2.4048254 37.9690036 875.3999633789062 14.300000190734863,2025-08-08T14:11:47.250Z,253,KPL17162-Njaramba
18,2025-08-08T16:44:32.568+03:00,2025-08-08T16:55:14.457+03:00,collect:Txc2FuXhwphk2M0a,"[36.8284216, -1.3020795, 1641.4000244140625]",040016117247,CMC Motors,0.0,0,NAIROBI,NAIROBI NORTH,MANUFACTURING,GROUND_MOUNTED_ACCESSIBLE,2015,2015,20616449,As above ,21026275,As above ,2015,2015,21034428,21916972,,,None ,3P4W,1/1/,200/5,1754660963663.jpg,200/5,vt_ratio_1/1,y_n_yes,ct_vt_match_yes,Okay ,zera_test_done_no,,,,,,52.0,52.0,52.0,52.0,61.0,61.0,Okay ,m_n_clamp_currents_yes,16:50:00.000+03:00,16:50:00.000+03:00,2025-08-08,2025-08-08,1706970,1703992,1754661097368.jpg,0,0,1754661125250.jpg,61.0,56.0,57.0,49.0,1207835,1205733,499135,498258,61.0,57.0,254.0,254.0,253.0,52.0,52.0,61.0,0.93,Okay ,solar_installation_no,,,Ok,declaration_yes,uuid:479cfbfa-d617-4a4e-a6e8-c406de7bd2c4,-1.3020795 36.8284216 1641.4000244140625 82.5,2025-08-08T13:55:16.141Z,241,KPL15731-mulandi
19,2025-08-08T16:33:12.148+03:00,2025-08-08T16:54:07.174+03:00,collect:nlS2cBM7kSzG2C0C,"[37.268514, -1.5177255, 1612.800048828125]",040016113555,Gelian investment ,11.0,49203326,NAIROBI,MACHAKOS,HOSPITALITY,GROUND_MOUNTED_ACCESSIBLE,Plate type -2015,Plate type -2015,20511435,20503443,20612337,20612337,Plate type-2015,Plate type-2015,20500521,20503466,,,"CT R-20612371,CT y-20612498,CT B-20612301",3P4W,1/1/,500/5,1754660521892.jpg,500/5,vt_ratio_1/1,y_n_no,ct_vt_match_yes,No missmatch ,zera_test_done_no,,,,,,74.0,74.0,159.0,159.0,156.0,156.0,Okay ,m_n_clamp_currents_yes,16:44:00.000+03:00,16:02:00.000+03:00,2025-08-08,2025-08-08,4131503,4122881,1754660764731.jpg,440,440,1754660790104.jpg,119.0,175.0,119.0,175.0,2500984,2495727,1630521,1627153,,,240.0,241.0,240.0,67.0,156.0,165.0,0.9,Okay,solar_installation_yes,62KW,2025-08-08,Meter okay ,declaration_yes,uuid:902994b6-86b6-4d6e-ba41-59313042597d,-1.5177255 37.268514 1612.800048828125 129.80099487304688,2025-08-08T13:54:08.357Z,316,KPL18450-EMILY
20,2025-08-08T16:26:29.497+03:00,2025-08-08T16:40:49.661+03:00,collect:Txc2FuXhwphk2M0a,"[36.8284493, -1.3020965, 1639.800048828125]",040016114069,CMC Motors,0.0,0,NAIROBI,NAIROBI NORTH,MANUFACTURING,GROUND_MOUNTED_ACCESSIBLE,2015,2015,21045692,As above ,20616450,As above ,2015,2015,21045628,21916947,,,None ,3P4W,1/1/,300/5,1754660062232.jpg,300/5,vt_ratio_1/1,y_n_yes,ct_vt_match_yes,Ok,zera_test_done_no,,,,,,17.0,17.0,9.0,9.0,31.0,31.0,Ok,m_n_clamp_currents_yes,16:37:00.000+03:00,16:37:00.000+03:00,2025-08-08,2025-08-08,628965,627458,1754660288329.jpg,69,67,1754660309186.jpg,31.0,42.0,30.0,41.0,415212,414417,213753,213041,31.0,31.0,250.0,251.0,251.0,17.0,9.0,31.0,0.99,Okay ,solar_installation_no,,,Okay ,declaration_yes,uuid:658b9c66-fb1c-4bf0-9af7-a6ec12e4ce1f,-1.3020965 36.8284493 1639.800048828125 31.236000061035156,2025-08-08T13:40:51.055Z,241,KPL15731-mulandi
21,2025-08-08T16:21:44.940+03:00,2025-08-08T16:35:08.872+03:00,collect:G1OsVykGIwMq4aId,"[36.9488368, -1.4194746, 1533.5999755859375]",040016119739,Doer industrial company limited ,6680979.0,170041527,NAIROBI,MACHAKOS,MANUFACTURING,GROUND_MOUNTED_ACCESSIBLE,Plate ,Plate ,21541522,21503321,None ,None ,21426010/21426012,21426010/21426012,21541572,21503395,,,None ,3P4W,1/1/,200/5,1754659648551.jpg,200/5,vt_ratio_1/1,y_n_yes,ct_vt_match_yes,None,zera_test_done_no,,,,,,69.0,69.0,79.0,79.0,115.0,115.0,Unbalanced ,m_n_clamp_currents_yes,16:30:00.000+03:00,16:30:00.000+03:00,2025-08-08,2025-08-08,357648,353635,1754659917497.jpg,0,0,1754659957946.jpg,77.0,82.0,70.0,80.0,261013,257879,96635,95756,,,226.0,226.0,226.0,61.0,64.0,74.0,0.94,Okay ,solar_installation_no,,,Okay ,declaration_yes,uuid:323b4043-27b2-4082-9cdc-c044ef8aa51d,-1.4194746 36.9488368 1533.5999755859375 21.187999725341797,2025-08-08T13:35:10.079Z,248,KPL52768-Musakue
22,2025-08-08T15:45:36.748+03:00,2025-08-08T16:11:09.252+03:00,collect:nlS2cBM7kSzG2C0C,"[37.269349, -1.5199825, 1606.300048828125]",040010110041,Naivas supermarket ,33564612.0,35646122,NAIROBI,MACHAKOS,SUPERMARKET,AMR_METERING,20724267,20724267,21487980,21503493,20942372/20942325,20942372/20942325,NA,NA,NA,NA,21487938,21503424,NA,3P4W,1/1/,500/5,1754657838934.jpg,500/5,vt_ratio_1/1,y_n_no,ct_vt_match_yes,No missmatch ,zera_test_done_no,,,,,,128.0,127.0,94.0,95.0,146.0,144.0,Okay ,m_n_clamp_currents_yes,16:03:00.000+03:00,15:59:00.000+03:00,2025-08-08,2025-08-08,9579917,9565915,1754658312988.jpg,3,3,1754658341520.jpg,142.0,149.0,140.0,147.0,6149039,6140597,3430879,3425317,86.0,84.0,245.0,246.0,245.0,127.0,94.0,144.0,0.9,Okay,solar_installation_no,,,Meter okay,declaration_yes,uuid:ce2aae48-a3be-4813-82d0-856807d10c0e,-1.5199825 37.269349 1606.300048828125 9.093000411987305,2025-08-08T13:11:09.234Z,316,KPL18450-EMILY
23,2025-08-08T15:41:10.207+03:00,2025-08-08T16:04:28.257+03:00,collect:UeQgyKoV8ZfRbYo5,"[36.9488317, -1.4201567, 1535.4000244140625]",040016118410,HI-TECH GRANITE INDUSTRIES LIMITED,7378861.0,73788618,NAIROBI,MACHAKOS,MANUFACTURING,GROUND_MOUNTED_ACCESSIBLE,Plate 2019,Retained,Kpl21541582,Kpl21503392,No test block,Na,000456  & 000447,Retained,Kpl21541524,Kpl21503390,,,None,3P4W,1/1/,300/5,1754657502819.jpg,300/5,vt_ratio_1/1,y_n_yes,ct_vt_match_yes,No mismatch,zera_test_done_no,,,,,,132.0,132.0,129.0,129.0,125.0,125.0,Balanced load,m_n_clamp_currents_yes,15:55:00.000+03:00,15:55:00.000+03:00,2025-08-08,2025-08-08,759262,755118,1754657942843.jpg,0,0,1754657968991.jpg,101.0,104.0,99.0,104.0,689546,686245,69719,68872,,,230.0,229.0,230.0,121.0,132.6,104.7,0.97,Readings okay ,solar_installation_no,,,Meter and installation inspected and found okay.,declaration_yes,uuid:8e42a267-b562-4ac4-a27a-ad741a15f7b6,-1.4201567 36.9488317 1535.4000244140625 11.732999801635742,2025-08-08T13:04:32.201Z,230,KPL52731-WERU
24,2025-08-08T15:46:26.371+03:00,2025-08-08T15:59:47.617+03:00,collect:Txc2FuXhwphk2M0a,"[36.8303328, -1.3021135, 1641.699951171875]",040016113310,Car and general,0.0,0,NAIROBI,NAIROBI NORTH,MANUFACTURING,GROUND_MOUNTED_ACCESSIBLE,2015,2015,21045700,As above ,20758388,As above ,2015,2015,21034491,21913095,,,None ,3P4W,1/1/,1000/5,1754657574242.jpg,1000/5,vt_ratio_1/1,y_n_yes,ct_vt_match_yes,Okay ,zera_test_done_no,,,,,,25.0,25.0,0.0,0.0,8.0,8.0,Ok,m_n_clamp_currents_yes,15:54:00.000+03:00,15:54:00.000+03:00,2025-08-08,2025-08-08,438092,437597,1754657727974.jpg,1,1,1754657764197.jpg,14.0,15.0,14.0,15.0,274286,274152,163806,163444,14.0,14.0,243.0,244.0,244.0,25.0,0.0,8.0,1.0,Okay ,solar_installation_no,,,Okay ,declaration_yes,uuid:5b4092a3-bd95-4415-84bc-659ba7542e67,-1.3021135 36.8303328 1641.699951171875 11.706999778747559,2025-08-08T12:59:49.545Z,241,KPL15731-mulandi
25,2025-08-08T15:27:44.611+03:00,2025-08-08T15:42:07.026+03:00,collect:btwRkhG6ixoGvp8k,"[36.7681955, -1.2806623, 1767.300048828125]",40016112237,ALAIA LIMITED,,116681111,NAIROBI,NAIROBI WEST,HOSPITALITY,GROUND_MOUNTED_ACCESSIBLE,2015,2015,21801063/21020861,21801063/21020861,20735768,20735768,2015,2015,20096406/21801033,21771046/39,,,None ,3P4W,1/1/,1000/5,1754656489219.jpg,1000/5,vt_ratio_1/1,y_n_yes,ct_vt_match_yes,None ,zera_test_done_no,,,,,,233.0,233.0,230.0,231.0,196.0,195.0,Okay ,m_n_clamp_currents_yes,15:37:00.000+03:00,15:37:00.000+03:00,2025-08-08,2025-08-08,11819474,11797634,1754656723933.jpg,6,6,1754656758129.jpg,175.0,192.0,174.0,191.0,6239374,6227941,5580104,5569693,,,235.0,234.0,234.0,197.0,220.0,222.0,0.9,Okay ,solar_installation_no,,,Installation okay ,declaration_yes,uuid:60176fbe-1f50-4120-8e99-7023114d30ac,-1.2806623 36.7681955 1767.300048828125 20.0,2025-08-08T12:42:08.074Z,219,KPL18417-RODGERS
26,2025-08-08T15:31:26.710+03:00,2025-08-08T15:41:35.897+03:00,collect:Txc2FuXhwphk2M0a,"[36.8303238, -1.3021259, 1641.699951171875]",040016113136,Car and General,0.0,0,NAIROBI,NAIROBI NORTH,MANUFACTURING,GROUND_MOUNTED_ACCESSIBLE,2015,2015,21026250,As above ,20758338,As above ,2015,2015,21045677,21916903,,,None ,3P4W,1/1/,1000/5,1754656587391.jpg,1000/5,vt_ratio_1/1,y_n_yes,ct_vt_match_yes,Ok,zera_test_done_no,,,,,,3.0,3.0,3.0,3.0,4.0,4.0,Okay ,m_n_clamp_currents_yes,15:37:00.000+03:00,15:37:00.000+03:00,2025-08-08,2025-08-08,2249747,2249578,1754656704646.jpg,145,145,1754656725439.jpg,10.0,4.0,7.0,3.0,1994497,1994387,255249,255191,10.0,7.0,238.0,238.0,237.0,3.0,3.0,2.0,96.0,Okay ,solar_installation_no,,,Okay ,declaration_yes,uuid:5f2323ae-e28a-4d22-a722-a4d3c8c012b8,-1.3021259 36.8303238 1641.699951171875 36.900001525878906,2025-08-08T12:41:37.577Z,241,KPL15731-mulandi
27,2025-08-08T12:26:36.022+03:00,2025-08-08T15:39:32.915+03:00,collect:LXAedgeOP2YuJsTh,"[36.8610738, -1.3179219, 1617.4000244140625]",040013030376,East African sea Food,2139614.0,21396146,NAIROBI,NAIROBI SOUTH,FOOD_PROCESSING,AMR_METERING,0037715,0037715,21539798,21539798,20937573,20937573,Blue star,Blue star,N/A,N/A,21539788,21538713,,3P4W,1/1/,500/5,1754645655666.jpg,500/5,vt_ratio_1/1,y_n_no,ct_vt_match_yes,No,zera_test_done_no,,,,,,106.0,106.0,88.0,88.0,80.0,80.0,Load imbalance,m_n_clamp_currents_yes,15:36:00.000+03:00,15:36:00.000+03:00,2025-08-08,2025-08-08,4172994,4168661,1754645880435.jpg,0,390,1754645914133.jpg,90.0,102.0,84.0,99.0,2479961,2478277,1693035,1690383,57.0,56.0,235.0,235.0,236.0,106.0,88.0,80.0,0.9,Load imbalance,solar_installation_no,,,"Installation ok
Load imbalance,customer advised
Inspected by Florence Nashon Onesmus",declaration_yes,uuid:00aa3683-a941-4255-b29e-1d3a2c5a3a1a,-1.3179219 36.8610738 1617.4000244140625 10.881999969482422,2025-08-08T12:39:34.872Z,276,KPL19864-NASHON
28,2025-08-08T15:13:14.265+03:00,2025-08-08T15:39:00.388+03:00,collect:G1OsVykGIwMq4aId,"[36.9495729, -1.4191927, 1535.4000244140625]",040016110372,Doer industrial company ltd,6844998.0,170030215,NAIROBI,MACHAKOS,MANUFACTURING,GROUND_MOUNTED_ACCESSIBLE,Plate ,Plate ,21541534,21503359,20566356,20566356,Plate ,Plate ,21541510,21503320,,,None ,3P4W,1/1/,500/5,1754655845240.jpg,500/5,vt_ratio_1/1,y_n_yes,ct_vt_match_yes,None ,zera_test_done_no,,,,,,134.0,134.0,133.0,133.0,148.0,148.0,Unbalanced ,m_n_clamp_currents_yes,15:28:00.000+03:00,15:30:00.000+03:00,2025-08-08,2025-08-08,6016758,5994786,1754656297881.jpg,20,20,1754656395567.jpg,278.0,271.0,273.0,268.0,3531512,3517368,2485249,2477147,,,228.0,227.0,227.0,132.0,142.0,150.0,0.99,None ,solar_installation_no,,,Okay ,declaration_yes,uuid:aa055f39-d0b2-4072-886c-d81a94b15375,-1.4191927 36.9495729 1535.4000244140625 100.0,2025-08-08T12:39:02.356Z,248,KPL52768-Musakue
29,2025-08-08T11:55:01.857+03:00,2025-08-08T15:16:30.827+03:00,collect:DiuDOZhTJ7fV9id6,"[36.8610929, -1.3178286, 1619]",0400163509,Vajas manufactures,2384451.0,23844515,NAIROBI,NAIROBI SOUTH,TEXTILE_INDUSTRY,GROUND_MOUNTED_ACCESSIBLE,2015,2015,21541442,21539748,20555200,20555200,2015,2015,20541446,21538718,,,N/a,3P4W,1/1/,500/5,1754643861348.jpg,500/5,vt_ratio_1/1,y_n_no,ct_vt_match_yes,No,zera_test_done_no,,,,,,114.0,114.0,102.0,102.0,83.0,83.0,Ok,m_n_clamp_currents_yes,12:11:00.000+03:00,12:11:00.000+03:00,2025-08-08,2025-08-08,6810301,6800578,1754644636972.jpg,1,1,1754644484684.jpg,117.0,149.0,117.0,149.0,4037796,4031798,2772499,2768780,,,232.0,232.0,231.0,114.0,102.0,83.0,0.9,Okay,solar_installation_no,,,"Metering ok 
Recommendation O/m to provide standard padlock for TX room G15196",declaration_yes,uuid:1988e761-9330-4820-9b20-4b1eab3c50f9,-1.3178286 36.8610929 1619.0 142.5,2025-08-08T12:16:32.311Z,252,KPL15578-Florence
30,2025-08-08T15:00:10.465+03:00,2025-08-08T15:12:47.797+03:00,collect:Txc2FuXhwphk2M0a,"[36.8290774, -1.2991324, 1641]",040016111551,Switch gear,0.0,0,NAIROBI,NAIROBI NORTH,MANUFACTURING,GROUND_MOUNTED_ACCESSIBLE,2015,2015,21913072,As above ,20796226,As above ,2015,2015,21913036,21916984,,,Okay ,3P4W,1/1/,500/5,1754654789731.jpg,500/5,vt_ratio_1/1,y_n_yes,ct_vt_match_yes,Okay ,zera_test_done_no,,,,,,91.0,91.0,108.0,108.0,121.0,121.0,Ok,m_n_clamp_currents_yes,15:08:00.000+03:00,15:08:00.000+03:00,2025-08-08,2025-08-08,1678168,1673323,1754654993033.jpg,451,451,1754655015081.jpg,123.0,126.0,122.0,125.0,1518684,1514142,159484,159180,123.0,122.0,245.0,246.0,246.0,91.0,108.0,121.0,0.98,Okay ,solar_installation_no,,,Okay ,declaration_yes,uuid:4b37fe6a-b0ea-482e-8d46-16262b9afe69,-1.2991324 36.8290774 1641.0 56.099998474121094,2025-08-08T12:12:50.283Z,241,KPL15731-mulandi
31,2025-08-08T14:54:43.971+03:00,2025-08-08T15:12:35.835+03:00,collect:axfENzTQCUlIhXbm,"[36.7638768, -1.3943199, 1720.800048828125]",040016116506,Limited investment kirsek,3702325.0,37023272,NAIROBI,KAJIADO,SHOPPING_MALL,GROUND_MOUNTED_ELEVATED,2016,2016,Kpl21746306,Kpl21746306,Kpl21746308,Kpl21746308,Kpl21746306,Kpl21746306,Kpl21754848,21862827,,,,3P4W,1/1/,200/5,1754654545488.jpg,200/5,vt_ratio_1/1,y_n_yes,ct_vt_match_yes,None,zera_test_done_no,,,,,,56.0,56.0,58.0,58.0,75.0,75.0,Poor ,m_n_clamp_currents_yes,15:06:00.000+03:00,15:06:00.000+03:00,2025-08-08,2025-08-08,2945848,2938916,1754654849923.jpg,0,0,1754654895652.jpg,58.0,64.0,57.0,64.0,1721348,1717170,1224501,1221726,0.0,0.0,237.0,235.0,235.0,60.0,69.0,76.0,0.99,Ok,solar_installation_no,,,Installation ok ,declaration_yes,uuid:e0543056-f5d7-4d50-ae17-3c4ab7b48d5f,-1.3943199 36.7638768 1720.800048828125 25.343000411987305,2025-08-08T12:12:36.135Z,233,KPL16274-SAWE
32,2025-08-08T09:20:44.553+03:00,2025-08-08T15:07:52.200+03:00,collect:nlS2cBM7kSzG2C0C,"[37.2676003, -1.5215182, 1609.0999755859375]","
040011050032",Quick mart,189228.0,141146819,NAIROBI,MACHAKOS,SUPERMARKET,AMR_METERING,20724388,20724388,20615556,20503468,NA,NA,NA,NA,NA,NA,Direct meter,Direct meter,NA,3P4W,1/1/,1/1,1754653293915.jpg,1/1,vt_ratio_1/1,y_n_no,ct_vt_match_yes,No missmatch,zera_test_done_no,,,,,,45.0,45.0,66.0,66.0,51.0,51.0,Balanced ,m_n_clamp_currents_yes,14:44:00.000+03:00,14:40:00.000+03:00,2025-08-08,2025-08-08,3091872,3087175,1754653840300.jpg,0,0,1754653726857.jpg,53.0,53.0,52.0,53.0,1882552,1879404,1209321,1207770,38.0,37.0,226.0,222.0,223.0,45.0,66.0,51.0,0.9,Meter okay ,solar_installation_no,,,Metering okay,declaration_yes,uuid:e5639781-4ff7-4181-ad0f-05c21a8ef731,-1.5215182 37.2676003 1609.0999755859375 50.37200164794922,2025-08-08T12:07:52.441Z,316,KPL18450-EMILY
33,2025-08-08T14:44:08.203+03:00,2025-08-08T14:57:32.920+03:00,collect:Txc2FuXhwphk2M0a,"[36.8291449, -1.299139, 1641.199951171875]",040016111898,RAMCO printing,0.0,0,NAIROBI,NAIROBI NORTH,MANUFACTURING,GROUND_MOUNTED_ACCESSIBLE,2015,2015,21913098,As above ,20796270,As above ,2015,2015,21913005,21916932,,,None ,3P4W,1/1/,500/5,1754653893183.jpg,500/5,vt_ratio_1/1,y_n_yes,ct_vt_match_yes,Okay ,zera_test_done_no,,,,,,152.0,152.0,197.0,197.0,186.0,186.0,Ok,m_n_clamp_currents_yes,14:53:00.000+03:00,14:53:00.000+03:00,2025-08-08,2025-08-08,6388987,6372778,1754654029658.jpg,0,0,1754654053226.jpg,223.0,197.0,218.0,187.0,3879139,3867606,2509851,2505172,223.0,197.0,245.0,246.0,245.0,152.0,197.0,186.0,0.97,Ok,solar_installation_no,,,Okay ,declaration_yes,uuid:0fd82d58-f348-4bb3-9cef-ff232d0e50df,-1.299139 36.8291449 1641.199951171875 56.099998474121094,2025-08-08T11:57:37.687Z,241,KPL15731-mulandi
34,2025-08-08T13:44:49.398+03:00,2025-08-08T14:09:14.927+03:00,collect:GH8axLVX2ENG4Fgx,"[36.8703117, -1.30346, 1632.9]",040015010060,Jumbo spices,531711.0,173446796,NAIROBI,NAIROBI SOUTH,MANUFACTURING,AMR_METERING,20626899,20626899,21540502,21535785,21540507,21540507,None ,None ,None ,None ,21540568,21540568,None ,3P4W,1/1/,1000/5,1754650525748.jpg,1000/5,vt_ratio_1/1,y_n_no,ct_vt_match_yes,None ,zera_test_done_no,,,,,,52.0,52.0,31.0,31.0,37.0,37.0,Balanced ,m_n_clamp_currents_yes,13:58:00.000+03:00,13:58:00.000+03:00,2025-08-08,2025-08-08,13046242,13045243,1754650815812.jpg,3,3,1754650948880.jpg,39.0,56.0,31.0,50.0,8893196,8892251,4153047,4152991,30.0,22.0,242.0,242.0,242.0,52.0,27.0,33.0,0.6,Ok,solar_installation_no,,,Metering ok,declaration_yes,uuid:472b20a6-2272-41b6-948e-c86b9fb8b9a5,-1.30346 36.8703117 1632.9 25.399999618530273,2025-08-08T11:52:35.194Z,278,KPL05614-LIMO
35,2025-08-08T14:29:05.134+03:00,2025-08-08T14:45:39.939+03:00,collect:G1OsVykGIwMq4aId,"[36.9511822, -1.4165844, 1520.300048828125]",040016117028,Aracari cables Kenya limited ,8292862.0,82928627,NAIROBI,MACHAKOS,MANUFACTURING,GROUND_MOUNTED_ACCESSIBLE,Plate ,Plate ,21541555,21595243,21541580,21541580,Plate ,Plate ,21595248,21595247,,,None ,3P4W,1/1/,300/5,1754653030658.jpg,300/5,vt_ratio_1/1,y_n_yes,ct_vt_match_yes,None ,zera_test_done_no,,,,,,76.0,75.0,60.0,60.0,68.0,68.0,Balanced ,m_n_clamp_currents_yes,14:38:00.000+03:00,14:38:00.000+03:00,2025-08-08,2025-08-08,1795447,1791246,1754653203806.jpg,0,0,1754653244047.jpg,54.0,89.0,49.0,83.0,1329252,1326068,466196,465178,,44.0,231.0,232.0,231.0,78.0,89.0,60.0,0.87,Okay ,solar_installation_no,,,Okay ,declaration_yes,uuid:48804353-6f9e-44ce-bfa7-6df059622e23,-1.4165844 36.9511822 1520.300048828125 22.39299964904785,2025-08-08T11:45:41.385Z,248,KPL52768-Musakue
36,2025-08-08T14:23:11.285+03:00,2025-08-08T14:44:10.417+03:00,collect:axfENzTQCUlIhXbm,"[36.7635992, -1.3944126, 1720.300048828125]",04001612105,Majid al Futtain Hypermarket ltd,3702325.0,170724070,NAIROBI,KAJIADO,SUPERMARKET,GROUND_MOUNTED_ELEVATED,A02187,A02187,Kpl21708235,Kpl21708235,N/A,N.A,16121015,16121015,Kpl21708214/kpl21708210,21862885,,,Kpl21708295,3P4W,1/1/,1000/5,1754652712630.jpg,1000/5,vt_ratio_1/1,y_n_yes,ct_vt_match_yes,No mismatch ,zera_test_done_no,,,,,,200.0,200.0,86.0,86.0,93.0,93.0,Poor,m_n_clamp_currents_yes,14:35:00.000+03:00,14:35:00.000+03:00,2025-08-08,2025-08-08,303698,292730,1754653029622.jpg,0,0,1754653078988.jpg,123.0,121.0,122.0,121.0,163663,157302,140038,135427,68.0,65.0,236.0,238.0,236.0,111.0,95.0,70.0,0.98,Good,solar_installation_no,,,Installation ok,declaration_yes,uuid:aa6294e8-b43a-45fb-be26-3255572c6586,-1.3944126 36.7635992 1720.300048828125 75.43499755859375,2025-08-08T11:44:12.210Z,233,KPL16274-SAWE
37,2025-08-08T14:28:24.982+03:00,2025-08-08T14:42:52.369+03:00,collect:pv6IkcMuEpVFdPMO,"[40.1173683, -3.2025467, -23.5]",040016118060,Eden Rock hotel ltd,15352941.0,15352941,COAST,KILIFI,HOSPITALITY,GROUND_MOUNTED_ACCESSIBLE,N/A,N/A,22184463,22184463,20626553,20626553,2016,2016,22217886,22217839,,,"20626556,20626527 and 20626501",3P4W,1/1/,300/5,1754652931223.jpg,300/5,vt_ratio_1/1,y_n_yes,ct_vt_match_yes,No mismatch,zera_test_done_no,,,,,,0.0,0.0,0.0,0.0,0.0,0.0,No load,m_n_clamp_currents_yes,14:36:00.000+03:00,14:36:00.000+03:00,2025-08-08,2025-08-08,113112,113112,1754653041366.jpg,0,0,1754653068241.jpg,0.0,0.0,0.0,0.0,49072,49072,64039,64039,0.0,0.0,240.0,241.0,239.0,0.0,0.0,0.0,1.0,Constant reading,solar_installation_no,,,Meter and installation found okay. Faulty communication module. Meter is idle as no operations currently in the hotel. Smart Enclosure door lock faulty ,declaration_yes,uuid:cb40a2a7-52f3-4ace-92a7-4370e8ff383e,-3.2025467 40.1173683 -23.5 10.899999618530273,2025-08-08T11:42:52.764Z,245,KPL15750-OYARO
38,2025-08-08T14:12:24.884+03:00,2025-08-08T14:39:05.262+03:00,collect:qGIrdqXTIQFhnqze,"[36.8700437, -1.3035773, 1620]",040013030300,Easy clean,7435152.0,74351527,NAIROBI,NAIROBI SOUTH,MANUFACTURING,AMR_METERING,20MN,20MN,21539832,21535770,None,None,None,None,None,None,21539871,21535762,None,3P4W,1/1/,300/5,1754652268248.jpg,300/5,vt_ratio_1/1,y_n_no,ct_vt_match_yes,None,zera_test_done_no,,,,,,3.0,3.0,6.0,6.0,5.0,5.0,Balanced,m_n_clamp_currents_yes,14:26:00.000+03:00,14:26:00.000+03:00,2025-08-08,2025-08-08,169470,168734,1754652491357.jpg,0,0,1754652546434.jpg,27.0,41.0,26.0,41.0,154524,153823,14946,14910,3.45,3.12,239.0,239.0,240.0,3.4,6.4,5.5,0.98,Ok,solar_installation_no,,,Okay,declaration_yes,uuid:276e4a4c-3b19-4ecd-bd29-7224d725f746,-1.3035773 36.8700437 1620.0 26.533000946044922,2025-08-08T11:39:10.434Z,273,KPL86480-MULWA
39,2025-08-08T14:01:47.164+03:00,2025-08-08T14:35:41.335+03:00,collect:P1A1XiVEqZs5PrIc,"[36.8701948, -1.3033113, 1620.5999755859375]",040016116614,Ish plastic,56450703.0,56450703,NAIROBI,NAIROBI SOUTH,MANUFACTURING,GROUND_MOUNTED_ACCESSIBLE,2016,2016,21539846,21535768,21539808,21539808,2016,2016,21535798,21535763,,,Non,3P4W,1/1/,1000/5,1754652511295.jpg,1000/5,vt_ratio_1/1,y_n_yes,ct_vt_match_yes,Ok,zera_test_done_no,,,,,,83.0,83.0,66.0,65.0,90.0,92.0,Balanced,m_n_clamp_currents_yes,14:20:00.000+03:00,14:20:00.000+03:00,2025-08-08,2025-08-08,3318967,3311576,1754652093137.jpg,0,0,1754652129550.jpg,93.0,148.0,92.0,140.0,2287738,2283423,1031232,1028153,,60.0,240.0,240.0,240.0,73.0,65.0,92.0,0.95,Metering ok,solar_installation_no,,,No,declaration_yes,uuid:bb9dabc5-1e8b-41d2-8f0b-98472bcb91d5,-1.3033113 36.8701948 1620.5999755859375 8.699999809265137,2025-08-08T11:35:48.829Z,274,KPL84512-KEEN
40,2025-08-08T14:09:14.521+03:00,2025-08-08T14:27:15.899+03:00,collect:btwRkhG6ixoGvp8k,"[36.7976443, -1.2746341, 1686.199951171875]",40016118254,JIANGXI JUNJIE REAL ESTATE DEVELOPMENT COMPANY LIMITED ,12390328.0,136241205,NAIROBI,NAIROBI WEST,CONSTRUCTION,POLE_MOUNTED_ELEVATED,20367276,20367276,21785761,21785761,20896940,20896940,000032/36,000032/36,21807129,21771076,,,None ,3P4W,1/1/,300/5,1754651840860.jpg,300/5,vt_ratio_1/1,y_n_yes,ct_vt_match_yes,None ,zera_test_done_no,,,,,,0.0,0.0,0.0,0.0,0.22,0.24,Okay ,m_n_clamp_currents_yes,14:19:00.000+03:00,13:58:00.000+03:00,2025-08-08,2025-08-08,89742,89725,1754652060702.jpg,166,166,1754652098275.jpg,2.0,2.0,2.0,2.0,67252,67245,22489,22480,,,238.0,0.0,238.0,0.0,0.0,0.0,1.0,Okay ,solar_installation_no,,,"Installation okay, no L2 supply, no activity on site ",declaration_yes,uuid:4a702234-ae5b-402a-a1d0-5e1bfa249b10,-1.2746341 36.7976443 1686.199951171875 23.22800064086914,2025-08-08T11:27:16.512Z,219,KPL18417-RODGERS
41,2025-08-08T13:37:44.152+03:00,2025-08-08T14:17:12.538+03:00,collect:cYJ9jlnLW2CDT63l,"[37.2674581, -1.5210765, 1606.9000244140625]",040013030634,Kuku food Kenya limited,14018580.0,161849369,NAIROBI,MACHAKOS,HOSPITALITY,AMR_METERING,20646106,20646106,21594270,21503489,N/A,N/A,N/A,N/A,N/A,N/A,21594250,21503491,N/A,3P4W,1/1/,300/5,1754650589655.jpg,300/5,vt_ratio_1/1,y_n_no,ct_vt_match_yes,No  missmatch,zera_test_done_no,,,,,,84.0,84.0,61.0,62.0,46.0,47.0,Balanced,m_n_clamp_currents_yes,14:07:00.000+03:00,14:06:00.000+03:00,2025-08-08,2025-08-08,4182668,4179591,1754651463639.jpg,0,0,1754651499609.jpg,42.0,44.0,41.0,43.0,2320128,2318054,1862542,1861536,18.0,18.0,236.0,236.0,236.0,84.0,61.0,46.0,0.9,Reading okay,solar_installation_no,,,None,declaration_yes,uuid:4e230a66-44aa-4a8f-b221-81ac3129ef84,-1.5210765 37.2674581 1606.9000244140625 4.099999904632568,2025-08-08T11:17:13.628Z,317,KPL19491-RODGERS KIPCHUMBA
42,2025-08-08T14:02:54.234+03:00,2025-08-08T14:16:15.175+03:00,collect:Txc2FuXhwphk2M0a,"[36.8285109, -1.2985965, 1643.300048828125]",040016113459,Regal press,22407429.0,22407429,NAIROBI,NAIROBI NORTH,MANUFACTURING,GROUND_MOUNTED_ACCESSIBLE,2015,2015,21913090,As above ,21913066,As above ,2015,2015,21913049,21916901,,,None ,3P4W,1/1/,1000/5,1754651446209.jpg,1000/5,vt_ratio_1/1,y_n_yes,ct_vt_match_yes,Okay ,zera_test_done_no,,,,,,57.0,57.0,62.0,62.0,65.0,65.0,Ok,m_n_clamp_currents_yes,14:12:00.000+03:00,14:12:00.000+03:00,2025-08-08,2025-08-08,1485934,1481667,1754651593057.jpg,30,30,1754651614432.jpg,127.0,143.0,123.0,139.0,1398867,1394744,87069,86922,127.0,123.0,248.0,247.0,249.0,57.0,62.0,65.0,0.99,Okay ,solar_installation_no,,,Okay ,declaration_yes,uuid:892ac4c1-4c3c-4c93-b0e7-d32f36b658e4,-1.2985965 36.8285109 1643.300048828125 285.6600036621094,2025-08-08T11:16:17.604Z,241,KPL15731-mulandi
43,2025-08-08T11:40:50.551+03:00,2025-08-08T12:13:07.059+03:00,collect:qGIrdqXTIQFhnqze,"[36.8623411, -1.3077968, 1618]",040016110393,HI TECH,10244946.0,130205743,NAIROBI,NAIROBI SOUTH,MANUFACTURING,GROUND_MOUNTED_ACCESSIBLE,2015,2015,21539819,21541283,20334776,20334776,2015,2015,21539824,21541280,,,None,3P4W,1/1/,500/5,1754643306019.jpg,500/5,vt_ratio_1/1,y_n_yes,ct_vt_match_yes,No,zera_test_done_no,,,,,,126.0,128.0,171.0,171.0,167.0,163.0,Balanced,m_n_clamp_currents_yes,12:02:00.000+03:00,12:02:00.000+03:00,2025-08-08,2025-08-08,1578978,1574874,1754643870682.jpg,924,924,1754643910261.jpg,119.0,130.0,117.0,128.0,1301961,1298075,277024,276799,,,236.0,236.0,236.0,100.0,97.0,72.0,0.9,Okay,solar_installation_no,,,Okay,declaration_yes,uuid:0713ebe4-6eeb-49f9-8294-cb9c8101c51a,-1.3077968 36.8623411 1618.0 72.9000015258789,2025-08-08T11:12:18.037Z,273,KPL86480-MULWA
44,2025-08-08T13:46:08.470+03:00,2025-08-08T14:07:54.146+03:00,collect:RL8tYUKjMINfjjtf,"[36.8071368, -1.2679111, 1709.5]",040016114254,Hailing international co,,13775845,NAIROBI,NAIROBI NORTH,CONSTRUCTION,GROUND_MOUNTED_ACCESSIBLE,Metal plate ,Metal plate ,21926626,21926626,21926688,21926688,Metal plate ,Metal plate ,21975336,21975336,,,Metal plate ,3P4W,1/1/,200/5,1754650600119.jpg,200/5,vt_ratio_1/1,y_n_yes,ct_vt_match_yes,None ,zera_test_done_no,,,,,,50.0,50.0,30.0,30.0,34.0,34.0,Ok,m_n_clamp_currents_yes,14:03:00.000+03:00,14:03:00.000+03:00,2025-08-08,2025-08-08,232814,230267,1754651104310.jpg,6,6,1754651122547.jpg,35.0,38.0,33.0,34.0,190929,189092,41885,41174,45.0,33.0,247.0,247.0,248.0,46.0,32.0,41.0,0.92,Okay ,solar_installation_no,,,None ,declaration_yes,uuid:afdfe07f-9f75-4c31-976c-8ada81aebb28,-1.2679111 36.8071368 1709.5 15.199999809265137,2025-08-08T11:07:57.029Z,304,KPL18500-ELIJAH NJUE
45,2025-08-08T10:13:16.686+03:00,2025-08-08T14:04:58.814+03:00,collect:clhO7Mun9wEJ6ZUG,"[36.8618138, -1.3169989, 1615.699951171875]",040013031176,SR,2965385.0,110360914,NAIROBI,NAIROBI SOUTH,SERVICE,AMR_METERING,20270831,20270831,21541463,21541463,N/A,N/A,Blue star,Blue star,N/A,N/A,21541405,21538756,20133615,3P4W,1/1/,500/5,1754637808862.jpg,500/5,vt_ratio_1/1,y_n_no,ct_vt_match_yes,No,zera_test_done_no,,,,,,0.0,0.0,0.0,0.0,0.0,0.0,Ok,m_n_clamp_currents_yes,13:26:00.000+03:00,13:26:00.000+03:00,2025-08-08,2025-08-08,251242,251242,1754637963296.jpg,4,4,1754638054436.jpg,0.0,0.0,0.0,0.0,175988,175988,75253,75253,,,230.0,245.0,234.0,0.0,0.0,0.0,0.0,Ok,solar_installation_no,,,"Installation okay,Fdc inspected by Onesmus, Florence and Nashon",declaration_yes,uuid:2f5136da-019b-450b-818f-1c6c4997dc63,-1.3169989 36.8618138 1615.699951171875 6.308000087738037,2025-08-08T11:05:00.371Z,275,KPL20048-ONESMUS
46,2025-08-08T13:36:22.294+03:00,2025-08-08T14:01:53.696+03:00,collect:1K0xDI7PpqUytdma,"[37.6558653, 0.0479018, 1565.4000244140625]",040016117031,Rajesh gadhi,,112530936,MOUNT_KENYA,MERU,HOSPITAL,GROUND_MOUNTED_ELEVATED,2021,2021,20960456,22322221,Not accessible ,Not accessible ,2021,2021,20964569,22322239,,,,3P4W,1/1/,300/5,1754650231216.jpg,300/5,vt_ratio_1/1,y_n_yes,ct_vt_match_yes,No mismatch ,zera_test_done_no,,,,,,50.0,50.0,52.0,52.0,52.0,52.0,Ok,m_n_clamp_currents_yes,13:53:00.000+03:00,13:32:00.000+03:00,2025-08-08,2025-08-08,1727780,1723258,1754650474280.jpg,53572,53570,1754650557559.jpg,43.0,46.0,43.0,46.0,966326,963956,761455,759301,,,228.0,232.0,228.0,55.0,49.0,56.0,0.977,Ok,solar_installation_yes,Not available ,,Ok,declaration_yes,uuid:99ff17fc-6970-42ed-9203-6d603af30a98,0.0479018 37.6558653 1565.4000244140625 2.5999999046325684,2025-08-08T11:01:55.936Z,272,KPL16937-AYUB
47,2025-08-08T13:35:07.338+03:00,2025-08-08T13:57:58.137+03:00,collect:G1OsVykGIwMq4aId,"[36.9507596, -1.4169653, 1524.699951171875]",040016118675,Noorami investment company ltd,6126617.0,129342770,NAIROBI,MACHAKOS,MANUFACTURING,GROUND_MOUNTED_ACCESSIBLE,Plate ,Plate ,21541538,21595279,None ,None ,001023/000992,001023/000992,21541556,21595269,,,None ,3P4W,1/1/,300/5,1754649925316.jpg,300/5,vt_ratio_1/1,y_n_yes,ct_vt_match_yes,None ,zera_test_done_no,,,,,,115.0,115.0,117.0,117.0,111.0,112.0,Balanced ,m_n_clamp_currents_yes,13:49:00.000+03:00,13:49:00.000+03:00,2025-08-08,2025-08-08,1554269,1541262,1754650387109.jpg,0,0,1754650437758.jpg,138.0,148.0,135.0,138.0,773892,766661,780380,774601,,75.0,230.0,234.0,230.0,103.0,118.0,101.0,0.99,Okay ,solar_installation_no,,,Installation and meter okay ,declaration_yes,uuid:5f567b90-9aef-4903-96b7-69542d2c6bc3,-1.4169653 36.9507596 1524.699951171875 52.6619987487793,2025-08-08T10:57:59.763Z,248,KPL52768-Musakue
48,2025-08-08T13:33:18.493+03:00,2025-08-08T13:48:24.819+03:00,collect:btwRkhG6ixoGvp8k,"[36.7926934, -1.2719814, 1688.199951171875]",40016117088,GEMINVEST LTD,,79603748,NAIROBI,NAIROBI WEST,HOSPITAL,GROUND_MOUNTED_ELEVATED,2016,2016,21732588,21732588,21732526,21732526,2016,2016,21731339,21771013,,,None ,3P4W,1/1/,300/5,1754649614986.jpg,300/5,vt_ratio_1/1,y_n_yes,ct_vt_match_yes,None ,zera_test_done_no,,,,,,165.0,166.0,134.0,135.0,99.0,98.5,Okay ,m_n_clamp_currents_yes,13:41:00.000+03:00,13:20:00.000+03:00,2025-08-08,2025-08-08,2586659,2575377,1754649768713.jpg,0,0,1754649842996.jpg,111.0,107.0,111.0,107.0,1464874,1458114,1121787,1117262,,,229.0,229.0,229.0,184.0,124.0,93.0,0.99,Okay ,solar_installation_no,,,Installation okay ,declaration_yes,uuid:bd766045-fb1d-4eda-be7f-c0bfd9675afd,-1.2719814 36.7926934 1688.199951171875 55.39400100708008,2025-08-08T10:48:25.344Z,219,KPL18417-RODGERS
49,2025-08-08T13:23:53.964+03:00,2025-08-08T13:40:48.084+03:00,collect:UeQgyKoV8ZfRbYo5,"[36.9705764, -1.4701561, 1554.0999755859375]",040016115094,Relief spartan epz ltd,2177237.0,21772377,NAIROBI,MACHAKOS,TEXTILE_INDUSTRY,GROUND_MOUNTED_ACCESSIBLE,Plare 2015,Plate 2015,Kpl21543911,Kpl21503347,Kplc20334873,Retained,Plate 2015,Plate 2015,Kpl21543992,Kpl21503345,,,None,3P4W,1/1/,200/5,1754649026692.jpg,200/5,vt_ratio_1/1,y_n_yes,ct_vt_match_yes,No mismatch ,zera_test_done_no,,,,,,40.0,40.1,41.34,41.44,39.56,39.6,Balanced load,m_n_clamp_currents_yes,13:11:00.000+03:00,12:50:00.000+03:00,2025-08-08,2025-08-08,249618,246596,1754649294658.jpg,0,0,1754649325232.jpg,57.0,56.0,51.0,52.0,229615,226701,20003,19894,28.0,24.0,237.0,236.0,237.0,60.9,65.6,56.9,0.938,Wrong meter time (lagging 21min). All other readings okay,solar_installation_no,,,"Wrong meter time.

Meter and installation inspected and found okay",declaration_yes,uuid:0d9cbd5b-4b3c-4755-932b-5182dbfe2b81,-1.4701561 36.9705764 1554.0999755859375 175.24000549316406,2025-08-08T10:41:25.591Z,230,KPL52731-WERU
50,2025-08-08T13:21:22.305+03:00,2025-08-08T13:39:56.489+03:00,collect:Txc2FuXhwphk2M0a,"[36.8322604, -1.2963373, 1644.199951171875]",040016120518,Mecol,5310206.0,5310206,NAIROBI,NAIROBI NORTH,MANUFACTURING,GROUND_MOUNTED_ACCESSIBLE,2015,2015,21045699,As above ,-94,As above ,2015,2015,21012106,21916938,,,None ,3P4W,1/1/,300/5,1754649085797.jpg,300/5,vt_ratio_1/1,y_n_yes,ct_vt_match_yes,Ok,zera_test_done_no,,,,,,156.0,156.0,172.0,172.0,117.0,117.0,Ok,m_n_clamp_currents_yes,13:33:00.000+03:00,13:33:00.000+03:00,2025-08-08,2025-08-08,223583,219350,1754649261950.jpg,0,0,1754649282141.jpg,144.0,143.0,140.0,140.0,218629,214461,4956,4889,144.0,140.0,240.0,238.0,242.0,156.0,172.0,117.0,0.95,Ok,solar_installation_no,,,Okay ,declaration_yes,uuid:ed0f95d9-51db-4336-b5d0-3bfd23c91271,-1.2963373 36.8322604 1644.199951171875 100.0,2025-08-08T10:40:00.469Z,241,KPL15731-mulandi
51,2025-08-08T12:57:46.085+03:00,2025-08-08T13:37:47.497+03:00,collect:pv6IkcMuEpVFdPMO,"[40.1231358, -3.1908935, -23]",040016112763,Oasis beach management ltd,163686122.0,163686122,COAST,KILIFI,HOSPITALITY,GROUND_MOUNTED_ACCESSIBLE,N/A ,N/A,22216458,22216458,20610748,20610748,2016,2016,22217891,22217827,,,"20610753,20610767 and 20610731",3P4W,1/1/,300/5,1754648984774.jpg,300/5,vt_ratio_1/1,y_n_no,ct_vt_match_yes,No mismatch,zera_test_done_no,,,,,,100.0,101.0,72.0,72.0,33.0,34.0,Not balanced,m_n_clamp_currents_yes,13:32:00.000+03:00,13:32:00.000+03:00,2025-08-08,2025-08-08,3486788,3478067,1754649227753.jpg,0,0,1754649248472.jpg,109.9,116.0,107.0,114.0,2055812,2050428,1430976,1427642,109.0,107.0,238.0,235.0,238.0,73.0,84.0,29.0,0.93,Okay,solar_installation_no,,,Meter and installation found okay. Faulty communication module,declaration_yes,uuid:387c2ff7-ba47-417b-b85b-70885a2cf638,-3.1908935 40.1231358 -23.0 42.5,2025-08-08T10:37:48.141Z,245,KPL15750-OYARO
52,2025-08-08T12:58:44.283+03:00,2025-08-08T13:36:24.176+03:00,collect:av78KlH9C4BYXwLt,"[36.81952, -1.30053, 1691]",040016111292,TAJ MALL,,26929127,NAIROBI,NAIROBI WEST,MULTI_USE_OFFICE_COMPLEX,GROUND_MOUNTED_ACCESSIBLE,Plate 2015,Plate 2015,21743709,21776711,20753731,20753731,Plate 2015,Plate 2015,21804514,21776705,,,21749126 back door,3P4W,1/1/,1000/5,1754648520568.jpg,1000/5,vt_ratio_1/1,y_n_yes,ct_vt_match_yes,Non,zera_test_done_no,,,,,,35.0,34.0,18.0,16.0,52.0,51.0,Ok,m_n_clamp_currents_yes,13:24:00.000+03:00,13:25:00.000+03:00,2025-08-08,2025-08-08,1971068,1969075,1754648794091.jpg,0,0,1754648832934.jpg,26.2,27.6,26.2,27.4,1242276,1240891,728792,728183,,26.0,250.0,249.0,248.0,27.4,14.0,24.0,0.9,Ok,solar_installation_no,,,Non,declaration_yes,uuid:1223d363-23df-4050-891b-dd4812ed494c,-1.30053 36.81952 1691.0 19.809999465942383,2025-08-08T10:36:29.532Z,240,KPL-2843-Migwi
53,2025-08-08T13:21:24.383+03:00,2025-08-08T13:35:04.281+03:00,collect:RL8tYUKjMINfjjtf,"[36.8072076, -1.2683665, 1676.800048828125]",040016113096,Stonehill development lmtd,,35531151,NAIROBI,NAIROBI NORTH,MULTI_USE_OFFICE_COMPLEX,GROUND_MOUNTED_ACCESSIBLE,Metal plate ,Metal plate ,21926684,21926684,20580692,20580692,Metal plate ,Metal plate ,21926693,21875196,,,Metal plate ,3P4W,1/1/,1500/5,1754648955196.jpg,1500/5,vt_ratio_1/1,y_n_yes,ct_vt_match_yes,None ,zera_test_done_no,,,,,,207.0,226.0,209.0,209.0,204.0,204.0,Okay ,m_n_clamp_currents_yes,13:31:00.000+03:00,13:31:00.000+03:00,2025-08-08,2025-08-08,8067423,8051312,1754649138524.jpg,1,1,1754649152186.jpg,165.0,175.0,163.0,173.0,5358022,5346974,2709403,2704338,165.0,163.0,250.0,249.0,251.0,184.0,216.0,254.0,0.99,Okay ,solar_installation_no,,,Okay ,declaration_yes,uuid:3e191a62-d6f7-4cce-a236-123018bc6b97,-1.2683665 36.8072076 1676.800048828125 51.93299865722656,2025-08-08T10:35:05.192Z,304,KPL18500-ELIJAH NJUE
54,2025-08-08T13:17:18.388+03:00,2025-08-08T13:28:52.966+03:00,collect:nssdbXMgLJDhMuaj,"[36.8024485, -1.29639, 1728.5]",040016118508,Safaricom,2839909.0,28399095,NAIROBI,NAIROBI WEST,SERVICE,GROUND_MOUNTED_ELEVATED,Hx2019,Hx2019,21732550,21732550,N/A,N/A,001492,001492,21732580,21770017,,,N/A,3P4W,1/1/,300/5,1754648603129.jpg,300/5,vt_ratio_1/1,y_n_yes,ct_vt_match_yes,None,zera_test_done_no,,,,,,156.0,156.0,137.0,137.0,123.0,123.0,Balanced ,m_n_clamp_currents_yes,13:24:00.000+03:00,13:24:00.000+03:00,2025-08-08,2025-08-08,3682989,3668266,1754648762913.jpg,0,0,1754648798376.jpg,101.0,105.0,98.0,103.0,1887240,1879821,1795751,1788444,0.0,0.0,232.0,232.0,237.0,143.0,132.0,120.0,0.98,Okay ,solar_installation_no,,,Installation Okay ,declaration_yes,uuid:2ba01952-e817-4377-9d93-8a3d26afd7f8,-1.29639 36.8024485 1728.5 1.7999999523162842,2025-08-08T10:28:56.057Z,281,KPL19439-MALEL
55,2025-08-08T13:13:51.195+03:00,2025-08-08T13:28:33.501+03:00,collect:btwRkhG6ixoGvp8k,"[36.792689, -1.2720632, 1688.199951171875]",40016117087,GEMINVEST LTD,,79603748,NAIROBI,NAIROBI WEST,HOSPITALITY,GROUND_MOUNTED_ELEVATED,2016,2016,21731316,21731316,21732579,21732579,2016,2016,21732546,21771027,,,None ,3P4W,1/1/,300/5,1754648489224.jpg,300/5,vt_ratio_1/1,y_n_yes,ct_vt_match_yes,No,zera_test_done_no,,,,,,59.0,59.0,99.0,100.0,114.0,114.0,No well balanced ,m_n_clamp_currents_yes,13:23:00.000+03:00,13:03:00.000+03:00,2025-08-08,2025-08-08,3025982,3017024,1754648675193.jpg,0,0,1754648710974.jpg,93.0,88.0,93.0,88.0,1663201,1658235,1362782,1358788,,,228.0,228.0,228.0,47.0,92.0,115.0,1.0,Okay ,solar_installation_no,,,"Installation okay, loads not well balanced",declaration_yes,uuid:d4886f81-bf3e-4c89-8621-ce2fa0d9c47b,-1.2720632 36.792689 1688.199951171875 43.9370002746582,2025-08-08T10:28:33.942Z,219,KPL18417-RODGERS
56,2025-08-08T13:04:58.139+03:00,2025-08-08T13:20:31.173+03:00,collect:1K0xDI7PpqUytdma,"[37.6540475, 0.0462717, 1570.199951171875]",040016115539,Equity bank ,,22854614,MOUNT_KENYA,MERU,SERVICE,GROUND_MOUNTED_ELEVATED,20207959,20207959,20355471,"22322248
",Not installed ,Not installed ,Not applicable ,Not applicable ,20964528,22322234,,,,3P4W,1/1/,1/1,1754648007943.jpg,1/1,vt_ratio_1/1,y_n_no,ct_vt_match_yes,No mismatch ,zera_test_done_no,,,,,,5.0,5.0,8.0,8.0,13.0,13.0,Ok,m_n_clamp_currents_yes,13:15:00.000+03:00,12:54:00.000+03:00,2025-08-08,2025-08-08,446549,445792,1754648240648.jpg,0,0,1754648261404.jpg,10.0,12.0,9.0,11.0,299076,298584,147473,147207,,,239.0,243.0,241.0,5.0,10.0,13.0,0.893,Ok,solar_installation_no,,,Ok,declaration_yes,uuid:4ed27f0c-dc70-436f-ad64-5ecbff751e9e,0.0462717 37.6540475 1570.199951171875 29.51300048828125,2025-08-08T10:20:32.834Z,272,KPL16937-AYUB
57,2025-08-08T13:00:51.098+03:00,2025-08-08T13:18:40.921+03:00,collect:g4DxhKlaEMmm7HuE,"[36.8046009, -1.2783665, 0]",040016120918,LEISURE PARK DEVELOPMENT LIMITED,10400951.0,107056721,NAIROBI,NAIROBI WEST,HOSPITALITY,GROUND_MOUNTED_ELEVATED,A02115,Maintain ,Kpl21741069,Maintain ,None ,N/A,16120918/kpl21741059,Maintain ,Kpl21803041/741028,Kpl21803080/28,,,No,3P4W,1/1/,1000/5,1754647648659.jpg,1000/5,vt_ratio_1/1,y_n_yes,ct_vt_match_yes,No mismatch ,zera_test_done_no,,,,,,240.0,240.0,270.0,270.0,307.0,307.0,Load balancing oky,m_n_clamp_currents_yes,13:10:00.000+03:00,13:10:00.000+03:00,2025-08-08,2025-08-08,1255168,1218034,1754647854847.jpg,0,0,1754647875116.jpg,298.0,315.0,294.0,311.0,651018,631961,604155,586073,,,229.6,230.0,230.0,286.0,338.0,339.0,0.98,Installation oky,solar_installation_yes,,,"Installation is oky.
Red incoming over heating",declaration_yes,uuid:84462d54-134b-4e83-bec0-267daac43b54,-1.2783665 36.8046009 0.0 100.0,2025-08-08T10:18:42.239Z,237,KPL19742-Muguthi
58,2025-08-08T12:59:57.595+03:00,2025-08-08T13:12:48.594+03:00,collect:RL8tYUKjMINfjjtf,"[36.8091543, -1.2689, 1677.0999755859375]",040010111071,Development Ltd rock ,132653813.0,132653813,NAIROBI,NAIROBI NORTH,MULTI_USE_OFFICE_COMPLEX,AMR_METERING,20066987/20365418,20066987/20365418,21926682,21926682,Nil ,Nil ,Nil ,Nil ,Nil ,Nil ,21926661/16,21926661/16,None ,3P4W,1/1/,500/5,1754647550443.jpg,500/5,vt_ratio_1/1,y_n_no,ct_vt_match_yes,None ,zera_test_done_no,,,,,,32.0,32.0,32.0,32.0,27.0,27.0,Okay ,m_n_clamp_currents_yes,13:08:00.000+03:00,12:49:00.000+03:00,2025-08-08,2025-08-08,2985258,2982,1754647812078.jpg,0,0,1754647831193.jpg,70.0,68.0,70.0,68.0,2109623,2107468,875635,875108,70.0,70.0,242.0,243.0,244.0,44.0,45.0,36.0,0.99,Okay ,solar_installation_no,,,Okay ,declaration_yes,uuid:1f216b9b-b968-4037-9529-e5694dca6cf5,-1.2689 36.8091543 1677.0999755859375 27.83099937438965,2025-08-08T10:12:51.575Z,304,KPL18500-ELIJAH NJUE
59,2025-08-08T12:48:19.943+03:00,2025-08-08T13:01:20.178+03:00,collect:UeQgyKoV8ZfRbYo5,"[36.9705461, -1.470054, 1554.0999755859375]",040016112842,CELEBRITY FASHIONS EPZ LTD,3267381.0,32673812,NAIROBI,MACHAKOS,MANUFACTURING,GROUND_MOUNTED_ACCESSIBLE,Plate 2015,Plate 2015,Kpl21543964,Kpl21503342,Kplc20334876,Kpl21503373,Plate 2015,Retained ,Kpl21543948,Kpl21503309,,,None,3P4W,1/1/,300/5,1754646707384.jpg,300/5,vt_ratio_1/1,y_n_yes,ct_vt_match_yes,No mismatch ,zera_test_done_no,,,,,,29.0,29.3,46.0,46.2,39.96,40.2,Balance load,m_n_clamp_currents_yes,12:35:00.000+03:00,12:38:00.000+03:00,2025-08-08,2025-08-08,3728788,3723318,1754647114740.jpg,825,825,1754647130221.jpg,67.0,56.0,65.0,54.0,2311978,2308358,1416810,1414959,,,238.0,237.0,238.0,73.0,76.0,66.0,0.978,Readings okay,solar_installation_no,,,Metering and installation inspected and found to be okay,declaration_yes,uuid:8c7241bc-6bdc-45c7-a1ac-86948da0b331,-1.470054 36.9705461 1554.0999755859375 88.0999984741211,2025-08-08T10:01:22.156Z,230,KPL52731-WERU
60,2025-08-08T12:38:33.174+03:00,2025-08-08T12:54:28.214+03:00,collect:RL8tYUKjMINfjjtf,"[36.8091447, -1.2695152, 1680.300048828125]",040016110672,Gonita limited ,,4192108,NAIROBI,NAIROBI NORTH,MULTI_USE_OFFICE_COMPLEX,GROUND_MOUNTED_ACCESSIBLE,Metal plate ,Metal plate ,20616766,20616766,20616790,20616790,Metal plate ,Metal plate ,21875109,21975128,,,None ,3P4W,1/1/,300/5,1754646457231.jpg,300/5,vt_ratio_1/1,y_n_yes,ct_vt_match_yes,None ,zera_test_done_no,,,,,,107.0,107.0,97.0,97.0,106.0,106.0,Okay ,m_n_clamp_currents_yes,12:50:00.000+03:00,12:50:00.000+03:00,2025-08-08,2025-08-08,4574152,4562971,1754646681952.jpg,0,0,1754646700148.jpg,102.0,109.0,101.0,108.0,2764485,2757187,1809669,1805784,102.0,101.0,245.0,246.0,245.0,139.0,137.0,145.0,0.99,Okay ,solar_installation_no,,,Okay ,declaration_yes,uuid:14483e71-14c2-4b03-8598-b54aca824a61,-1.2695152 36.8091447 1680.300048828125 15.36299991607666,2025-08-08T09:54:29.531Z,304,KPL18500-ELIJAH NJUE
61,2025-08-08T12:26:30.661+03:00,2025-08-08T12:50:19.168+03:00,collect:Txc2FuXhwphk2M0a,"[36.8311702, -1.295728, 1644.5999755859375]",040016111911,Printing services,0.0,0,NAIROBI,NAIROBI NORTH,MANUFACTURING,GROUND_MOUNTED_ACCESSIBLE,2015,2015,21916975,As above ,20581049,As above ,2015,2015,21916954,21916971,,,None ,3P4W,1/1/,500/5,1754646241802.jpg,500/5,vt_ratio_1/1,y_n_yes,ct_vt_match_yes,Okay ,zera_test_done_no,,,,,,120.0,120.0,127.0,127.0,130.0,130.0,Okay ,m_n_clamp_currents_yes,12:45:00.000+03:00,12:45:00.000+03:00,2025-08-08,2025-08-08,4537200,4533009,1754646411074.jpg,62,62,1754646445590.jpg,175.0,296.0,170.0,283.0,3367942,3364166,1169260,1168843,175.0,170.0,240.0,241.0,239.0,120.0,127.0,130.0,0.99,Okay ,solar_installation_no,,,Okay ,declaration_yes,uuid:56fa2d6b-27b4-445e-bf2d-627472288b56,-1.295728 36.8311702 1644.5999755859375 110.0,2025-08-08T09:50:50.283Z,241,KPL15731-mulandi
62,2025-08-08T12:33:48.186+03:00,2025-08-08T12:50:34.373+03:00,collect:fF7ubNGUySONeT0M,"[36.9016713, -1.2583619, 1586.800048828125]",040016121221,Tononoka rolling mills,530936.0,5309360,NAIROBI,NAIROBI NORTH,MANUFACTURING,POLE_MOUNTED_ACCESSIBLE,20231191,20231191,21486877,21807391,21032759,21032759,2023,2023,21911097,210807344,,,Na,3P4W,66000/110,400/1,1754646003915.jpg,400/1,vt_ratio_66000/110,y_n_no,ct_vt_match_yes,None,zera_test_done_yes,0.06,Passed,0.35,Passed,meter_pass_test_yes,49.1,49.3,41.7,41.6,47.9,47.8,Balanced,m_n_clamp_currents_yes,12:42:00.000+03:00,12:42:00.000+03:00,2025-08-08,2025-08-08,35555064,34133520,1754646220605.jpg,34176,0,1754646269137.jpg,12656.0,12288.0,12165.0,11712.0,1811048,17915040,16844184,16218480,5297.0,5200.0,38000.0,38101.0,38102.0,49.1,49.6,49.3,0.96,Installation tested okay,solar_installation_yes,4MW,2020-01-01,Installation tested. Meter passed test,declaration_yes,uuid:2e10b17e-2f9b-4bc7-9e12-21ae8d4c5dde,-1.2583619 36.9016713 1586.800048828125 8.875,2025-08-08T09:50:35.554Z,271,KPL15735-OKWACH
63,2025-08-08T12:33:36.386+03:00,2025-08-08T12:49:57.217+03:00,collect:btwRkhG6ixoGvp8k,"[36.8036819, -1.2723862, 1676.0999755859375]",040016113506,Student association ,,5304175,NAIROBI,NAIROBI WEST,ACADEMIC_INSTITUTIONS,GROUND_MOUNTED_ELEVATED,2015,2015,21705788,21771021,20779413,20779413,2015,2015,21771090,21771014,,,None ,3P4W,1/1/,500/5,1754646203017.jpg,500/5,vt_ratio_1/1,y_n_yes,ct_vt_match_yes,None ,zera_test_done_no,,,,,,1.0,1.1,1.0,1.0,1.3,1.4,Okay ,m_n_clamp_currents_yes,12:45:00.000+03:00,12:45:00.000+03:00,2025-08-08,2025-08-08,1904393,1904280,1754646416317.jpg,0,0,1754646437065.jpg,2.0,4.0,2.0,4.0,1083450,1083390,820942,820890,2.0,2.0,236.0,237.0,237.0,1.1,1.0,0.4,1.0,Okay ,solar_installation_no,,,Installation okay ,declaration_yes,uuid:d8128c34-fae0-426b-bd0b-71651ccd8df5,-1.2723862 36.8036819 1676.0999755859375 6.099999904632568,2025-08-08T09:49:57.831Z,219,KPL18417-RODGERS
64,2025-08-08T12:34:48.979+03:00,2025-08-08T12:49:03.137+03:00,collect:cNwlyxgRYWEbQciq,"[36.9755826, -1.4220351, 1526.300048828125]",040016120779,Lucky star properties,14682875.0,165965294,NAIROBI,MACHAKOS,MANUFACTURING,GROUND_MOUNTED_ELEVATED,A02434,A02434,16120726/21514383,2150555/16120726,N/A,N/A,16120779,16120779,21514354,21542273,,,None,3P4W,1/1/,300/5,1754646209783.png,300/5,vt_ratio_1/1,y_n_yes,ct_vt_match_yes,None,zera_test_done_no,,,,,,9.0,9.0,9.0,7.0,7.0,7.0,Ok,m_n_clamp_currents_yes,12:44:00.000+03:00,12:44:00.000+03:00,2025-08-08,2025-08-08,10655,10288,1754646358225.png,4,0,1754646421385.png,16.0,20.0,16.0,20.0,8781,8460,1874,1828,1.0,1.0,233.0,231.0,231.0,9.0,7.0,7.0,0.95,Ok,solar_installation_no,,,Ok,declaration_yes,uuid:3fe818cc-ddff-447a-ad6f-5e0c44f3d7bf,-1.4220351 36.9755826 1526.300048828125 35.882999420166016,2025-08-08T09:49:14.131Z,296,KPL15753-MUGO
65,2025-08-08T12:26:43.830+03:00,2025-08-08T12:48:58.132+03:00,collect:1K0xDI7PpqUytdma,"[37.6513501, 0.0478083, 1590.199951171875]",040016115540,Stephen gikundi ,,146037379,MOUNT_KENYA,MERU,HOSPITALITY,GROUND_MOUNTED_ELEVATED,20207943,20207943,20835328,22322209,Not installed ,Not installed ,,,None,22322226,,,,3P4W,1/1/,1/1,1754646113108.jpg,1/1,vt_ratio_1/1,y_n_yes,ct_vt_match_yes,No mismatch ,zera_test_done_no,,,,,,0.0,0.0,30.0,29.0,7.0,7.0,Ok,m_n_clamp_currents_yes,12:43:00.000+03:00,12:21:00.000+03:00,2025-08-08,2025-08-08,196020,195012,1754646296670.jpg,0,0,1754646333078.jpg,18.0,22.0,17.0,17.0,116745,116105,79274,78906,,,245.0,246.0,244.0,0.0,40.0,11.0,0.998,Okay ,solar_installation_no,,,Ok,declaration_yes,uuid:8ec44ce8-9938-4421-b27e-c6592684c8c6,0.0478083 37.6513501 1590.199951171875 5.185999870300293,2025-08-08T09:48:59.723Z,272,KPL16937-AYUB
66,2025-08-08T12:27:36.187+03:00,2025-08-08T12:41:48.792+03:00,collect:0I1AkdXxNeZtX2tc,"[36.8645669, -1.3052985, 1635.986328125]",040016114102,Twin Africa ,3661955.0,113921656,NAIROBI,NAIROBI SOUTH,MANUFACTURING,GROUND_MOUNTED_ACCESSIBLE,2016,2016,21544979,21541293,20334715,20334715,2016,2016,21544973,21541227,,,None ,3P4W,1/1/,300/5,1754645697207.jpg,300/5,vt_ratio_1/1,y_n_yes,ct_vt_match_yes,None ,zera_test_done_no,,,,,,45.0,45.0,50.0,50.0,45.0,45.0,Balanced,m_n_clamp_currents_yes,12:36:00.000+03:00,12:36:00.000+03:00,2025-08-08,2025-08-08,982210,979975,1754645876249.jpg,1,1,1754645909692.jpg,48.0,54.0,48.0,53.0,126948,126754,855263,853220,44.0,,238.0,237.0,237.0,57.0,60.0,54.0,0.95,Ok,solar_installation_no,,,None,declaration_yes,uuid:8ebc8c77-6917-4034-b621-22158417f0dc,-1.3052985 36.8645669 1635.986328125 4.638999938964844,2025-08-08T09:41:50.665Z,298,KPL52936-OTUDE
67,2025-08-08T12:05:15.939+03:00,2025-08-08T12:32:39.855+03:00,collect:3eJvzIu4Vo5l9Fbu,"[36.8106889, -1.2782766, 1673.300048828125]",040016116925,Students welfare association ,530325.0,5303250,NAIROBI,NAIROBI WEST,ACADEMIC_INSTITUTIONS,GROUND_MOUNTED_ACCESSIBLE,Metallic seal 2016,Maintain ,21741594,Kpl21803097,Kpl20735725,Maintain ,Metallic 2016,Maintain kpl21730929,Kpl21730904,Kpl21803036,,,,3P4W,1/1/,500/5,1754644748926.jpg,500/5,vt_ratio_1/1,y_n_yes,ct_vt_match_yes,No mismatch ,zera_test_done_no,,,,,,44.0,44.0,19.0,19.0,32.0,32.0,Ok,m_n_clamp_currents_yes,12:22:00.000+03:00,12:22:00.000+03:00,2025-08-08,2025-08-08,3497663,3495063,1754645076699.jpg,0,0,1754645120682.jpg,32.8,47.9,32.1,46.9,2073069,2071393,1424595,1423670,,,235.0,236.0,237.0,34.1,21.1,35.0,0.986,"Installation ok,voltage and current are stable ",solar_installation_no,,,Low current recorded because the institution is closed but general installation is ok,declaration_yes,uuid:ec83c5e7-47e5-4d6d-b58d-9dc3d7c2acca,-1.2782766 36.8106889 1673.300048828125 16.434999465942383,2025-08-08T09:32:41.663Z,283,KPL85008-GABRIEL
68,2025-08-08T12:09:41.912+03:00,2025-08-08T12:29:06.454+03:00,collect:3bCmWGsj72BrXaTQ,"[36.6580879, -1.2438254, 2006.7]",040016120436,Kikuyu water ,530519.0,126670965,NORTH_EASTERN,KIAMBU,WATER_COMPANY,GROUND_MOUNTED_ACCESSIBLE,20646934,20646934,22450376,22397790,.,.,24127476/24127444,24127476/24127444,22450312,22397789,,,No,3P4W,1/1/,200/5,1754644750771.jpg,200/5,vt_ratio_1/1,y_n_yes,ct_vt_match_yes,None ,zera_test_done_no,,,,,,78.9,78.2,77.7,77.5,77.7,77.4,Load Fairly balanced ,m_n_clamp_currents_yes,12:20:00.000+03:00,12:20:00.000+03:00,2025-08-08,2025-08-08,554401,546349,1754644952997.jpg,0,0,1754644998037.jpg,70.16,74.52,67.44,67.0,291651,286894,262751,259454,,,237.5,236.35,236.94,82.72,80.28,80.0,0.88,Ok,solar_installation_yes,15kva,2025-01-08,No incident reported ,declaration_yes,uuid:ece74861-986c-4a34-ae15-0162368d8634,-1.2438254 36.6580879 2006.7 2.700000047683716,2025-08-08T09:29:07.931Z,200,KPL16807-ELIJAH
69,2025-08-08T12:08:23.499+03:00,2025-08-08T12:20:12.698+03:00,collect:RL8tYUKjMINfjjtf,"[36.8101677, -1.2711087, 1689.199951171875]",040016116262,NAIROBI SECURITIES ,,2811128,NAIROBI,NAIROBI NORTH,MULTI_USE_OFFICE_COMPLEX,GROUND_MOUNTED_ACCESSIBLE,Metal plate ,Metal plate ,21926642,21926642,20647185,20647185,Metal plate ,Metal plate ,21046318,21875178,,,Metal plate ,3P4W,1/1/,200/5,1754644443756.jpg,200/5,vt_ratio_1/1,y_n_no,ct_vt_match_yes,Okay ,zera_test_done_no,,,,,,11.0,11.0,15.0,15.0,11.0,11.0,Okay ,m_n_clamp_currents_yes,12:16:00.000+03:00,12:16:00.000+03:00,2025-08-08,2025-08-08,1397813,1396627,1754644604648.jpg,0,0,1754644628017.jpg,18.0,18.0,17.0,17.0,787197,786413,610615,610214,18.0,17.0,250.0,250.0,248.0,13.0,8.0,12.0,1.0,Okay ,solar_installation_no,,,Okay ,declaration_yes,uuid:47113933-6fb9-460c-bc95-dfb60a8c47a7,-1.2711087 36.8101677 1689.199951171875 24.0,2025-08-08T09:20:13.998Z,304,KPL18500-ELIJAH NJUE
70,2025-08-08T11:29:01.813+03:00,2025-08-08T11:58:10.165+03:00,collect:LcT7p5BZpWxL9vzf,"[37.0415434, -1.4237977, 0]",040016120798,Faith Wavinya,14691673.0,165515487,NAIROBI,MACHAKOS,STONE_QUARRY,GROUND_MOUNTED_ACCESSIBLE,A02416,A02416,21502683,21563020,None,None,16120798,16120798,21541583,21563024,,,None ,3P4W,1/1/,300/5,1754642847786.jpg,300/5,vt_ratio_1/1,y_n_yes,ct_vt_match_yes,No mismatch ,zera_test_done_no,,,,,,77.0,77.0,76.0,76.0,78.0,78.0,Loads balancing ,m_n_clamp_currents_yes,11:52:00.000+03:00,11:52:00.000+03:00,2025-08-08,2025-08-08,308076,292940,1754643192768.jpg,5,0,1754643258648.jpg,172.0,184.0,165.0,175.0,162884,155312,145196,137628,,,234.0,232.0,232.0,78.0,79.0,74.0,0.97,Ok,solar_installation_no,,,Ok,declaration_yes,uuid:43370d6c-a795-42d3-894e-e75d106fd648,-1.4237977 37.0415434 0.0 2900.0,2025-08-08T09:19:36.725Z,282,KPL18934-ISIKA
71,2025-08-08T09:37:21.061+03:00,2025-08-08T12:15:50.345+03:00,collect:LXAedgeOP2YuJsTh,"[36.861281, -1.3172756, 1615.5]",040010110237,Polyblend ltd,531625.0,5316252,NAIROBI,NAIROBI SOUTH,MANUFACTURING,AMR_METERING,20100328,20100328,21539761,21539761,20936574,20936574,20NM,20NM,N/A,N/A,21539754,21538777,,3P4W,1/1/,300/5,1754635746583.jpg,300/5,vt_ratio_1/1,y_n_no,ct_vt_match_yes,N/A,zera_test_done_no,,,,,,40.0,40.0,44.0,44.0,47.0,47.0,Ok,m_n_clamp_currents_yes,12:00:00.000+03:00,09:52:00.000+03:00,2025-08-08,2025-08-08,2959131,2954189,1754636045172.jpg,10,10,1754636073202.jpg,72.0,86.0,70.0,83.0,2329789,2326443,75465824,627746,71.0,63.0,236.0,242.0,217.0,110.0,113.0,121.0,0.9,Unstable voltages,solar_installation_no,,,"Installation ok
Unstable voltages
Inspected by Nashon,Florence, Onesmus",declaration_yes,uuid:78ce7f01-01df-4e18-8188-fd64dd5ac1ce,-1.3172756 36.861281 1615.5 18.381000518798828,2025-08-08T09:16:30.394Z,276,KPL19864-NASHON
72,2025-08-08T12:04:29.346+03:00,2025-08-08T12:15:00.954+03:00,collect:cNwlyxgRYWEbQciq,"[36.9747779, -1.4215595, 1525.9000244140625]",040016119181,NUTRISOY,13123084.0,146789302,NAIROBI,MACHAKOS,FOOD_PROCESSING,GROUND_MOUNTED_ELEVATED,2021,2021,21541032,21504039,N/A,N/A,21424139/21424199,21424139/21424199,21541043,21504022,,,NONE,3P4W,1/1/,300/5,1754644201011.png,300/5,vt_ratio_1/1,y_n_yes,ct_vt_match_yes,None,zera_test_done_no,,,,,,0.0,0.0,0.0,0.0,0.0,0.0,N/A,m_n_clamp_currents_yes,12:10:00.000+03:00,12:10:00.000+03:00,2025-08-08,2025-08-08,487864,487864,1754644352245.png,0,0,1754644399404.png,0.0,0.0,0.0,0.0,0,0,0,0,0.0,0.0,231.0,231.0,231.0,0.0,0.0,0.0,1.0,No production at the moment ,solar_installation_no,,,Ok,declaration_yes,uuid:15434222-1ec0-4d2c-805c-f5deea603e9a,-1.4215595 36.9747779 1525.9000244140625 42.5,2025-08-08T09:15:05.211Z,296,KPL15753-MUGO
73,2025-08-08T12:02:47.175+03:00,2025-08-08T12:11:51.482+03:00,collect:nssdbXMgLJDhMuaj,"[36.7956144, -1.2980604, 1733.699951171875]",040016119311,Ramji devani ,135627731.0,135627731,NAIROBI,NAIROBI WEST,SHOPPING_MALL,GROUND_MOUNTED_ELEVATED,Hx2016,Hx2016,21708574,21708574,N/A,N/A,21425561/5522,21425561/5522,21708551,21770011N/A,,,N/A,3P4W,1/1/,300/5,1754644007451.jpg,300/5,vt_ratio_1/1,y_n_yes,ct_vt_match_yes,None ,zera_test_done_no,,,,,,75.0,75.0,78.0,78.0,72.0,72.0,Balanced ,m_n_clamp_currents_yes,12:08:00.000+03:00,12:08:00.000+03:00,2025-08-08,2025-08-08,775251,768951,1754644164534.jpg,0,0,1754644192400.jpg,73.0,80.0,72.0,80.0,453696,450065,321556,318885,0.0,0.0,240.0,240.0,240.0,68.0,53.0,82.0,0.99,Okay ,solar_installation_no,,,Installation Okay ,declaration_yes,uuid:b9e4bcd4-e245-44e3-9f25-825f2a168537,-1.2980604 36.7956144 1733.699951171875 100.0,2025-08-08T09:11:54.744Z,281,KPL19439-MALEL
74,2025-08-08T11:47:46.141+03:00,2025-08-08T12:09:29.960+03:00,collect:btwRkhG6ixoGvp8k,"[36.806458, -1.2720702, 1674.5999755859375]",040016113850,Art Investment ,4850240.0,48502405,NAIROBI,NAIROBI WEST,MULTI_USE_OFFICE_COMPLEX,GROUND_MOUNTED_ELEVATED,2016,2016,21705760,21771075,20753666,20753666,2016,2016,21803711,21771065,,,None ,3P4W,1/1/,500/5,1754643641835.jpg,500/5,vt_ratio_1/1,y_n_yes,ct_vt_match_yes,None ,zera_test_done_no,,,,,,84.0,85.0,43.0,43.0,102.0,102.0,Not balance ,m_n_clamp_currents_yes,12:02:00.000+03:00,11:22:00.000+03:00,2025-08-08,2025-08-08,4387378,4380645,1754643857731.jpg,0,0,1754643891326.jpg,69.0,75.0,68.0,75.0,2518162,2513928,1869217,1866717,,,234.0,234.0,235.0,104.0,46.0,123.0,1.0,Loads not well balanced,solar_installation_no,,,Installation okay ,declaration_yes,uuid:bf85cf6d-1691-456f-b06a-27e9750872b8,-1.2720702 36.806458 1674.5999755859375 92.4000015258789,2025-08-08T09:09:31.508Z,219,KPL18417-RODGERS
75,2025-08-08T11:39:04.552+03:00,2025-08-08T12:08:39.379+03:00,collect:1K0xDI7PpqUytdma,"[37.6546035, 0.0512349, 1570.8]",040013030273,Meru general hospital ,,17100942,MOUNT_KENYA,MERU,HOSPITAL,AMR_METERING,20781899,20781899,20987630,"22322284
",Not installed ,Not installed ,Not applicable ,Not applicable ,Not applicable ,Not applicable ,None ,22322264,,3P4W,1/1/,1000/5,1754643062142.jpg,1000/5,vt_ratio_1/1,y_n_no,ct_vt_match_yes,No mismatch ,zera_test_done_no,,,,,,236.0,213.0,244.0,240.0,163.0,162.0,Ok,m_n_clamp_currents_yes,11:59:00.000+03:00,12:08:00.000+03:00,2025-08-08,2025-08-08,19942882,19914858,1754643739324.jpg,360,360,1754643776806.jpg,240.0,229.0,236.0,226.0,9780471,9767591,10162416,10147267,,,232.0,228.0,228.0,249.0,270.0,212.0,0.984,Ok,solar_installation_yes,Not available ,,Ok,declaration_yes,uuid:9e4d266b-0277-484c-a31e-0a0ee6f307b9,0.0512349 37.6546035 1570.8 1.2000000476837158,2025-08-08T09:08:41.266Z,272,KPL16937-AYUB
76,2025-08-08T11:05:11.019+03:00,2025-08-08T12:08:07.534+03:00,collect:UeQgyKoV8ZfRbYo5,"[36.9705138, -1.470211, 1547.8]",040016112809,ATHI RIVER OILS EPZ LIMITED,532151.0,5321518,NAIROBI,MACHAKOS,MANUFACTURING,GROUND_MOUNTED_ACCESSIBLE,Plate 2015,Plate 2015,Kpl21543952,Kpl21503339,Kpl20334870,Kpl21503353,Plate 2015,Retained,Kpl21543987,Kpl21500535,,,None,3P4W,1/1/,300/5,1754643467727.jpg,300/5,vt_ratio_1/1,y_n_yes,ct_vt_match_yes,No mismatch,zera_test_done_no,,,,,,11.72,11.96,10.93,11.1,12.07,12.18,Balanced load ,m_n_clamp_currents_yes,11:24:00.000+03:00,11:24:00.000+03:00,2025-08-08,2025-08-08,427062,426904,1754643673324.jpg,2157,2157,1754643696109.jpg,6.0,8.0,5.0,3.0,272976,272862,154086,154041,,,236.0,234.0,236.0,12.24,11.4,12.3,0.92,Readings okay,solar_installation_no,,,Metering okay,declaration_yes,uuid:864a3234-3ce7-4721-a10e-2253aa8f8c7c,-1.470211 36.9705138 1547.8 13.62600040435791,2025-08-08T09:08:09.287Z,230,KPL52731-WERU
77,2025-08-07T11:34:27.150+03:00,2025-08-08T12:07:13.844+03:00,collect:4Nk1RseRuV2BJHir,"[36.7879782, -1.2617463, 1722.800048828125]",040016120669,Wasini resorts ltd,2564966.0,25649963,NAIROBI,NAIROBI WEST,HOSPITALITY,GROUND_MOUNTED_ACCESSIBLE,16120695,16120695,Kp21785778,Same as be4,None,None,16120669,16120669,Kp21803014,Kpl21741084,,,None,3P4W,1/1/,200/5,1754556222148.jpg,200/5,vt_ratio_1/1,y_n_yes,ct_vt_match_yes,No mismatch,zera_test_done_no,,,,,,35.0,35.0,58.0,57.8,55.0,54.6,Ok,m_n_clamp_currents_yes,11:46:00.000+03:00,11:46:00.000+03:00,2025-08-07,2025-08-07,176172,172676,1754556430799.jpg,0,0,1754556474620.jpg,44.0,45.0,43.0,44.0,98576,96642,77597,76034,,,236.0,232.0,228.0,30.0,44.0,33.0,0.95,Ok,solar_installation_no,,,Metering ok,declaration_yes,uuid:dc2bd45d-6ab8-42bf-abbb-24fc4d2bbdfa,-1.2617463 36.7879782 1722.800048828125 16.143999099731445,2025-08-08T09:07:14.444Z,270,KPL16289-MWITI
78,2025-08-08T11:49:01.449+03:00,2025-08-08T12:00:41.446+03:00,collect:nssdbXMgLJDhMuaj,"[36.7955082, -1.2982274, 1734.199951171875]",040016119174,Ramji devani,144093978.0,144093978,NAIROBI,NAIROBI WEST,SERVICE,GROUND_MOUNTED_ELEVATED,Hx2021,Hx2021,21708527,21708527,N/A,N/A,21424148/4125,21424148/4125,21708544,21770081,,,N/A,3P4W,1/1/,300/5,1754643331773.jpg,300/5,vt_ratio_1/1,y_n_yes,ct_vt_match_yes,None ,zera_test_done_no,,,,,,52.0,52.0,32.0,32.0,38.0,38.0,Balanced.,m_n_clamp_currents_yes,11:56:00.000+03:00,11:56:00.000+03:00,2025-08-08,2025-08-08,667181,662416,1754643452748.jpg,0,0,1754643474534.jpg,33.0,33.0,33.0,32.0,379471,376946,287710,285470,0.0,0.0,238.0,238.0,239.0,61.0,35.0,41.0,0.98,Okay ,solar_installation_no,,,Installation Okay ,declaration_yes,uuid:edb85c28-2e4f-492f-84c4-d002b1c35851,-1.2982274 36.7955082 1734.199951171875 3.5,2025-08-08T09:00:45.007Z,281,KPL19439-MALEL
79,2025-08-08T11:36:32.403+03:00,2025-08-08T11:57:15.039+03:00,collect:RL8tYUKjMINfjjtf,"[36.8105889, -1.2706886, 1682.9000244140625]",040016119693,Elite towers,,140934755,NAIROBI,NAIROBI NORTH,RESIDENTIAL_PREMISES,GROUND_MOUNTED_ACCESSIBLE,Metal plate ,Metal plate ,2102722,2102722,Nil,Nil,21425327/386,21425327/386,"21046347/337,
21917334/383",21875191/179/126/194,,,Nil,3P4W,1/1/,1500/5,1754642972577.jpg,1500/5,vt_ratio_1/1,y_n_yes,ct_vt_match_yes,None ,zera_test_done_no,,,,,,106.0,106.0,84.0,84.0,85.0,85.0,Okay ,m_n_clamp_currents_yes,11:51:00.000+03:00,11:51:00.000+03:00,2025-08-08,2025-08-08,805217,797,1754643125328.jpg,0,0,1754643148413.jpg,87.0,101.0,82.0,92.0,479211,474571,326009,323138,87.0,82.0,237.0,237.0,238.0,99.0,75.0,76.0,0.94,Okay ,solar_installation_no,,,Okay ,declaration_yes,uuid:39c2ad7d-3eff-4966-ae1e-69774baba104,-1.2706886 36.8105889 1682.9000244140625 18.0,2025-08-08T08:57:16.127Z,304,KPL18500-ELIJAH NJUE
80,2025-08-08T11:13:29.108+03:00,2025-08-08T11:49:39.358+03:00,collect:av78KlH9C4BYXwLt,"[36.817339, -1.293981, 1646.3]",040018100187,Railway Golf Club,,1643053,NAIROBI,NAIROBI WEST,ENTERTAINMENT_JOINT,POLE_MOUNTED_ACCESSIBLE,21807342,21807342,21803021,21776799,Non,Non,21807312,21807312,21807345,21776743,,,21807396/377/316 C/T seals,3P4W,1/1/,300/5,1754642222884.jpg,300/5,vt_ratio_1/1,y_n_yes,ct_vt_match_yes,Non,zera_test_done_no,,,,,,39.0,39.0,53.0,53.0,27.0,27.0,Not nalanced,m_n_clamp_currents_yes,11:40:00.000+03:00,11:40:00.000+03:00,2025-08-08,2025-08-08,17600,15055,1754642607742.jpg,0,0,1754642666910.jpg,46.0,4.0,45.0,4.0,11403,9730,6198,5324,42.0,42.0,249.0,247.0,248.0,11.0,41.0,10.0,0.967,Ok,solar_installation_no,,,Non,declaration_yes,uuid:f07b1775-685f-49e0-83c2-3c02fff77d12,-1.293981 36.817339 1646.3 86.67900085449219,2025-08-08T08:49:41.775Z,240,KPL-2843-Migwi
81,2025-08-08T11:33:58.614+03:00,2025-08-08T11:48:23.257+03:00,collect:cNwlyxgRYWEbQciq,"[36.9746711, -1.4217127, 1525.9000244140625]",040016114805,THREE STAR HOMEX,12303678.0,135020881,NAIROBI,MACHAKOS,MANUFACTURING,GROUND_MOUNTED_ELEVATED,2015,2015,21514355,21504097,20732408/20926150,20732408/20926150,2015,2015,21514319,21504013,,,NONE,3P4W,1/1/,300/5,1754642400460.png,300/5,vt_ratio_1/1,y_n_yes,ct_vt_match_yes,None ,zera_test_done_no,,,,,,35.0,35.0,33.0,34.0,33.0,33.0,Ok,m_n_clamp_currents_yes,11:41:00.000+03:00,11:41:00.000+03:00,2025-08-08,2025-08-08,1114555,1113586,1754642568711.png,0,0,1754642641311.png,41.0,130.0,40.0,128.0,733152,732303,381403,381282,12.0,10.0,228.0,228.0,229.0,130.0,133.0,129.0,0.99,Ok,solar_installation_no,,,None,declaration_yes,uuid:f6a65707-eea2-4afe-9b9e-da91eb9655f0,-1.4217127 36.9746711 1525.9000244140625 77.5999984741211,2025-08-08T08:48:37.300Z,296,KPL15753-MUGO
82,2025-08-08T11:28:40.511+03:00,2025-08-08T11:45:01.336+03:00,collect:g4DxhKlaEMmm7HuE,"[36.8113035, -1.2788267, 1679.6]",040016114535,UNIV NBI STUD WELF AUTH,50263.0,502633,NAIROBI,NAIROBI WEST,ACADEMIC_INSTITUTIONS,GROUND_MOUNTED_ACCESSIBLE,Metallic 2015,Maintain ,Kpl21740969,Maintain ,Kpl2174927,Maintain ,Metallic 2015,Maintain ,Kpl217803062,Kpl21803019,,,Kp20735922/937/952,3P4W,1/1/,200/5,1754641984031.jpg,200/5,vt_ratio_1/1,y_n_no,ct_vt_match_yes,No mismatch ,zera_test_done_no,,,,,,1.4,1.4,0.0,0.0,0.0,0.0,Red phase in use with very low current.this is because the institution is closed,m_n_clamp_currents_yes,11:34:00.000+03:00,11:39:00.000+03:00,2025-08-08,2025-08-08,386428,386392,1754642151451.jpg,5,5,1754642278844.jpg,1.84,2.7,1.8,2.7,231170,231148,155258,155244,,,230.0,230.0,230.0,1.4,0.0,0.0,1.0,Very low current recorded.only red phase is in use.the students have closed,solar_installation_no,,,Very low current recorded .this is because institution is closed.,declaration_yes,uuid:cd4dba4d-b405-40e0-9544-5a009679d7c7,-1.2788267 36.8113035 1679.6 100.0,2025-08-08T08:45:03.122Z,237,KPL19742-Muguthi
83,2025-08-08T11:25:23.027+03:00,2025-08-08T11:37:00.801+03:00,collect:nssdbXMgLJDhMuaj,"[36.7982558, -1.2980923, 1728.5]",040016117816,Coptic Orthodox church ,10760452.0,107604528,NAIROBI,NAIROBI WEST,HOSPITAL,GROUND_MOUNTED_ELEVATED,Hx2016,Hx2016,21745570,21801056,21745574,21745574,Hx2016,Hx2016,21801013,21770025,,,N/A,3P4W,1/1/,500/5,1754641972749.jpg,500/5,vt_ratio_1/1,y_n_yes,ct_vt_match_yes,None ,zera_test_done_no,,,,,,53.0,53.0,76.0,76.0,71.0,71.0,Balanced ,m_n_clamp_currents_yes,11:34:00.000+03:00,11:34:00.000+03:00,2025-08-08,2025-08-08,561953,556975,1754642078865.jpg,0,0,1754642098276.jpg,49.0,58.0,43.0,53.0,316798,313938,245155,243037,0.0,0.0,235.0,235.0,234.0,53.0,68.0,69.0,0.88,Okay ,solar_installation_no,,,Installation okay ,declaration_yes,uuid:755881d5-cb26-4413-83d6-63832ae5f824,-1.2980923 36.7982558 1728.5 26.25,2025-08-08T08:37:03.927Z,281,KPL19439-MALEL
84,2025-08-08T11:15:03.058+03:00,2025-08-08T11:27:22.239+03:00,collect:g4DxhKlaEMmm7HuE,"[36.8108933, -1.2793386, 1679.6]",040016114656,UNIV OF NBI STUD WEL,50264.0,502641,NAIROBI,NAIROBI WEST,ACADEMIC_INSTITUTIONS,GROUND_MOUNTED_ACCESSIBLE,Metallic 2015,Maintain ,Kpl21740990,Maintain ,Kpl21740937,Maintain ,Metallic 2015,Maintain ,Kpl21803060,Kpl21803098,,,Kp20735985/35935/35964,3P4W,1/1/,200/5,1754641300229.jpg,200/5,vt_ratio_1/1,y_n_no,ct_vt_match_yes,No mismatch ,zera_test_done_no,,,,,,12.0,11.9,0.0,0.0,0.0,0.0,Only 1 phase is in use since students have closed .,m_n_clamp_currents_yes,11:23:00.000+03:00,11:26:00.000+03:00,2025-08-08,2025-08-08,686419,686264,1754641452597.jpg,0,0,1754641473279.jpg,3.2,3.8,3.2,3.7,404013,403909,282405,282354,,,229.0,230.0,229.0,3.9,0.0,0.0,0.966,Oky,solar_installation_no,,,"Installation is very oky.
Only red phase is in use since the institution is closed.",declaration_yes,uuid:c561e133-d515-486d-abee-77dd73887eeb,-1.2793386 36.8108933 1679.6 4.833000183105469,2025-08-08T08:27:24.148Z,237,KPL19742-Muguthi
85,2025-08-08T09:05:15.463+03:00,2025-08-08T11:26:56.480+03:00,collect:clhO7Mun9wEJ6ZUG,"[36.8618439, -1.317325, 1614.800048828125]",040016113737,Kingsway,3289426.0,32894267,NAIROBI,NAIROBI SOUTH,MANUFACTURING,GROUND_MOUNTED_ACCESSIBLE,2015,2015,21538765,21538765,20296818,20296818,2015,2015,21538771,21538738,,,,3P4W,1/1/,500/5,1754633505261.jpg,500/5,vt_ratio_1/1,y_n_yes,ct_vt_match_yes,No,zera_test_done_no,,,,,,71.0,71.0,73.0,73.0,83.0,83.0,Ok,m_n_clamp_currents_yes,10:19:00.000+03:00,10:19:00.000+03:00,2025-08-08,2025-08-08,2078990,2075270,1754634206198.jpg,0,0,1754634145647.jpg,171.0,182.0,166.0,177.0,1951260,1947694,127730,127576,,,238.0,238.0,238.0,71.0,73.0,83.0,0.89,Ok,solar_installation_no,,,"Installation okay inspected by Onesmus, Florence and Nashon",declaration_yes,uuid:6a6c76f2-fcf0-4637-adba-963eddb190b7,-1.317325 36.8618439 1614.800048828125 20.0,2025-08-08T08:27:01.927Z,275,KPL20048-ONESMUS
86,2025-08-08T11:01:59.954+03:00,2025-08-08T11:20:45.135+03:00,collect:fF7ubNGUySONeT0M,"[36.8820102, -1.2348642, 1680.4000244140625]",040016119329,EABL,3419300.0,34193003,NAIROBI,NAIROBI NORTH,MANUFACTURING,POLE_MOUNTED_ACCESSIBLE,21425515,21425515,21916916,21807374,21469861,21807349,21425453,21425453,20100237,21807349,,,Na,3P4W,66000/110,200/1,1754640508061.jpg,200/1,vt_ratio_66000/110,y_n_no,ct_vt_match_yes,Na,zera_test_done_yes,0.06,Passed,2.72,Passed,meter_pass_test_yes,49.5,49.5,49.4,49.4,50.2,50.2,Balanced,m_n_clamp_currents_yes,11:14:00.000+03:00,11:14:00.000+03:00,2025-08-08,2025-08-08,92082744,91330728,1754640899549.jpg,0,0,1754640921762.jpg,6120.0,6360.0,5880.0,6120.0,47139240,46759644,44943876,44571084,1.0,1.0,37932.0,37985.0,37984.0,52.1,52.3,52.1,0.96,Installation tested and found okay,solar_installation_no,,,Installation tested and no anomaly detected.,declaration_yes,uuid:147d6cdc-efc2-4a15-a250-c4828e7424dc,-1.2348642 36.8820102 1680.4000244140625 8.75,2025-08-08T08:20:46.620Z,271,KPL15735-OKWACH
87,2025-08-08T11:07:03.318+03:00,2025-08-08T11:18:41.517+03:00,collect:nssdbXMgLJDhMuaj,"[36.7978533, -1.297317, 1725.5999755859375]",040016111293,Coptic Orthodox ,2977229.0,29772296,NAIROBI,NAIROBI WEST,HOSPITAL,GROUND_MOUNTED_ELEVATED,Hx2015,Hx2015,21745579,21745579,21745553,21745553,Hx2015 ,Hx2015 ,21745575,21770051,,,N/A,3P4W,1/1/,1000/5,1754640763113.jpg,1000/5,vt_ratio_1/1,y_n_yes,ct_vt_match_yes,None ,zera_test_done_no,,,,,,500.0,500.0,483.0,483.0,506.0,506.0,Balanced ,m_n_clamp_currents_yes,11:15:00.000+03:00,11:15:00.000+03:00,2025-08-08,2025-08-08,21528201,21470103,1754640945238.jpg,0,0,1754640972211.jpg,454.0,458.0,443.0,448.0,12189997,12156561,9338211,9313542,0.0,0.0,231.0,230.0,230.0,523.0,600.0,588.0,0.99,Okay ,solar_installation_no,,,Installation Okay ,declaration_yes,uuid:6d8ffe62-22c7-4a36-bc0c-e124de047b2a,-1.297317 36.7978533 1725.5999755859375 110.0,2025-08-08T08:18:44.815Z,281,KPL19439-MALEL
88,2025-08-08T10:50:22.439+03:00,2025-08-08T11:15:54.300+03:00,collect:P1A1XiVEqZs5PrIc,"[36.862509, -1.3132463, 1608]",04001613087,PAPER CONVERTER LTD,530986.0,5309869,NAIROBI,NAIROBI SOUTH,MANUFACTURING,AMR_METERING,20100282,20100282,21543142,21541219,21520631,21520631,2015,2015,21543167,21541225,Not availabl,Not available,Non,3P4W,1/1/,500/5,1754640315039.jpg,500/5,vt_ratio_1/1,y_n_yes,ct_vt_match_yes,Metering ok,zera_test_done_no,,,,,,142.0,142.0,140.0,140.0,124.0,124.0,Balanced,m_n_clamp_currents_yes,11:07:00.000+03:00,11:07:00.000+03:00,2025-08-08,2025-08-08,4400318,4394906,1754640504076.jpg,249,248,1754640562305.jpg,174.0,187.0,173.0,186.0,2860923,2855987,1539398,1538918,173.0,173.0,241.0,241.0,241.0,144.0,144.0,143.0,0.954,Ok,solar_installation_yes,500,2022-01-01,Nob,declaration_yes,uuid:8d49a2eb-1cfe-435c-9543-f6f4af7cff43,-1.3132463 36.862509 1608.0 4.199999809265137,2025-08-08T08:15:55.692Z,274,KPL84512-KEEN
89,2025-08-08T11:00:23.904+03:00,2025-08-08T11:14:47.786+03:00,collect:cNwlyxgRYWEbQciq,"[36.9747502, -1.4215661, 1525.699951171875]",040016119543,AFRAHA FLOUR MILL,12683364.0,141458992,NAIROBI,MACHAKOS,FOOD_PROCESSING,GROUND_MOUNTED_ELEVATED,2021,2021,21541089,21504068,N/A,N/A,21425278/21425266,21425278/21425266,21541030,21504098,,,None,3P4W,1/1/,500/5,1754640464156.png,500/5,vt_ratio_1/1,y_n_yes,ct_vt_match_yes,None,zera_test_done_no,,,,,,42.0,42.0,41.0,41.0,40.0,40.0,Ok,m_n_clamp_currents_yes,11:09:00.000+03:00,11:09:00.000+03:00,2025-08-08,2025-08-08,1470879,1458897,1754640660429.png,0,0,1754640718732.png,214.0,225.0,181.0,199.0,802438,794305,668441,664591,3.0,2.0,228.0,228.0,228.0,42.0,41.0,40.0,0.99,Ok,solar_installation_no,,,Installation ok,declaration_yes,uuid:5fe15b8b-bf02-4655-9769-f2efa805c4a0,-1.4215661 36.9747502 1525.699951171875 36.900001525878906,2025-08-08T08:14:55.090Z,296,KPL15753-MUGO
90,2025-08-08T10:59:47.541+03:00,2025-08-08T11:14:04.902+03:00,collect:4Nk1RseRuV2BJHir,"[36.8029872, -1.2659973, 1691.199951171875]",040016110878,Simba corporation ltd ,2048376.0,20483764,NAIROBI,NAIROBI WEST,MULTI_USE_OFFICE_COMPLEX,GROUND_MOUNTED_ACCESSIBLE,2015,2015,Kpl21785726,Same as b4 ,Kp20753841,Same as b4 ,2015,2015,Kpl21785714/kpl20090399/kpl21756830,Kpl21777122/171/166,,,,3P4W,1/1/,1500/5,1754640408485.jpg,1500/5,vt_ratio_1/1,y_n_yes,ct_vt_match_yes,Ok,zera_test_done_no,,,,,,39.6,40.0,60.0,60.0,43.0,43.6,Ok,m_n_clamp_currents_yes,11:10:00.000+03:00,11:10:00.000+03:00,2025-08-08,2025-08-08,2902148,2897287,1754640675755.jpg,42,42,1754640692496.jpg,65.0,71.0,65.0,71.0,1901198,1898349,1000950,998937,,,244.0,245.0,245.0,39.0,51.0,46.0,0.99,Ok,solar_installation_no,,,Metering ok ,declaration_yes,uuid:5800aebf-6ce5-46bc-bbec-60be41b0d387,-1.2659973 36.8029872 1691.199951171875 100.0,2025-08-08T08:14:05.840Z,270,KPL16289-MWITI
91,2025-08-08T10:59:31.110+03:00,2025-08-08T11:12:15.394+03:00,collect:RL8tYUKjMINfjjtf,"[36.8096674, -1.2713241, 1676.5999755859375]",040010111017,pramukh tower,,14664224,NAIROBI,NAIROBI NORTH,RESIDENTIAL_PREMISES,AMR_METERING,20100311,20100311,201917396,201917396,None ,None ,None ,None ,None ,None ,21870521/538,21870150/118,None ,3P4W,1/1/,200/5,1754640403499.jpg,200/5,vt_ratio_1/1,y_n_no,ct_vt_match_yes,None ,zera_test_done_no,,,,,,36.0,36.0,40.0,40.0,29.0,29.0,Okay ,m_n_clamp_currents_yes,11:08:00.000+03:00,11:08:00.000+03:00,2025-08-08,2025-08-08,612205,60976,1754640548073.jpg,24,24,1754640583521.jpg,24.0,25.0,23.0,22.0,335316,333775,276889,275986,24.0,23.0,244.0,243.0,244.0,30.0,37.0,25.0,0.96,Okay ,solar_installation_no,,,Okay ,declaration_yes,uuid:e681809b-91bd-4979-a4c4-3ceabf82a704,-1.2713241 36.8096674 1676.5999755859375 20.600000381469727,2025-08-08T08:12:16.764Z,304,KPL18500-ELIJAH NJUE
92,2025-08-08T10:18:07.492+03:00,2025-08-08T10:37:45.074+03:00,collect:cNwlyxgRYWEbQciq,"[36.9746988, -1.421603, 1525.699951171875]",040016118374,OASIS MELANIE LTD,11781572.0,129012928,NAIROBI,MACHAKOS,MANUFACTURING,GROUND_MOUNTED_ELEVATED,2019,2019,21541047,21504009,N/A,N/A,000328/000332,000328/000332,21541045,21504095,,,N/A,3P4W,1/1/,300/5,1754638065258.png,300/5,vt_ratio_1/1,y_n_yes,ct_vt_match_yes,None,zera_test_done_no,,,,,,110.0,111.0,122.0,123.0,115.0,116.0,Well balanced ,m_n_clamp_currents_yes,10:29:00.000+03:00,10:29:00.000+03:00,2025-08-08,2025-08-08,1380761,1373285,1754638269361.png,0,0,1754638329827.png,154.0,184.0,154.0,184.0,1078506,1072328,302260,300957,34.0,32.0,229.0,228.0,229.0,121.0,117.0,120.0,0.99,Ok,solar_installation_no,,,None,declaration_yes,uuid:642bed3e-1beb-40f1-8329-ce0a654c565a,-1.421603 36.9746988 1525.699951171875 36.900001525878906,2025-08-08T07:37:54.771Z,296,KPL15753-MUGO
93,2025-08-08T10:20:38.498+03:00,2025-08-08T10:36:26.119+03:00,collect:4Nk1RseRuV2BJHir,"[36.803026, -1.2663341, 1690.6309879220337]",040016120963,Elgon management company ltd ,10868037.0,167490006,NAIROBI,NAIROBI WEST,MULTI_USE_OFFICE_COMPLEX,GROUND_MOUNTED_ACCESSIBLE,A02079,Kpl21777120,Kpl21741073,Same as b4 ,None,None,16120963,Same as b4 ,Kpl21806453/3719/3776,Kpl21777136/103/kpl21803792,,,Kpl21806475 module seal,3P4W,1/1/,1000/5,1754638159839.jpg,1000/5,vt_ratio_1/1,y_n_yes,ct_vt_match_yes,Ok,zera_test_done_no,,,,,,139.0,139.0,129.0,128.5,135.0,135.0,Ok,m_n_clamp_currents_yes,10:32:00.000+03:00,10:32:00.000+03:00,2025-08-08,2025-08-08,482876,469522,1754638401928.jpg,0,0,1754638415942.jpg,138.0,149.0,138.0,149.0,321131,312067,161748,157455,,,255.0,257.0,257.0,140.0,144.0,126.0,0.99,Ok,solar_installation_no,,,Metering ok ,declaration_yes,uuid:02f7c8bd-0e47-4c1e-bced-11291f21cbc9,-1.2663341 36.803026 1690.6309879220337 7.385000228881836,2025-08-08T07:36:26.515Z,270,KPL16289-MWITI
94,2025-08-08T09:54:40.657+03:00,2025-08-08T10:33:31.856+03:00,collect:0I1AkdXxNeZtX2tc,"[36.860967, -1.3115288, 1615.699951171875]",040016115016,Wood manufacturers ,531968.0,5319686,NAIROBI,NAIROBI SOUTH,SERVICE,GROUND_MOUNTED_ACCESSIBLE,2015,2015,21544929,21541297,21544927,21544927,2015,2015,21544929,21541215,,,,3P4W,1/1/,200/5,1754637456526.jpg,200/5,vt_ratio_1/1,y_n_yes,ct_vt_match_yes,None,zera_test_done_no,,,,,,35.0,35.0,34.0,34.0,19.0,19.0,Poor ,m_n_clamp_currents_yes,10:24:00.000+03:00,10:24:00.000+03:00,2025-08-08,2025-08-08,235579,234806,1754637978401.jpg,8,8,1754638008305.jpg,34.0,34.0,29.0,31.0,171844,171141,63735,63664,33.0,33.0,242.0,242.0,244.0,34.0,34.0,19.0,0.91,Meter ok,solar_installation_no,,,Installation ok,declaration_yes,uuid:24e43a8f-743a-48e9-9f2d-0825f0d50764,-1.3115288 36.860967 1615.699951171875 68.4000015258789,2025-08-08T07:33:33.512Z,298,KPL52936-OTUDE
95,2025-08-08T10:21:17.522+03:00,2025-08-08T10:31:38.812+03:00,collect:nssdbXMgLJDhMuaj,"[36.7936601, -1.3053433, 1727.199951171875]",040016120660,Royal Golf Club ,36493.0,364935,NAIROBI,NAIROBI WEST,ENTERTAINMENT_JOINT,GROUND_MOUNTED_ELEVATED,A02013,A02013,16120629,16120629,N/A,N/A,16120660,16120660,21705757,21770077,,,N/A,3P4W,1/1/,200/5,1754637990317.jpg,200/5,vt_ratio_1/1,y_n_yes,ct_vt_match_yes,None,zera_test_done_no,,,,,,29.0,29.0,29.0,29.0,29.0,29.0,Balanced ,m_n_clamp_currents_yes,10:27:00.000+03:00,10:27:00.000+03:00,2025-08-08,2025-08-08,148328,144172,1754638120420.jpg,0,0,1754638140155.jpg,49.0,50.0,43.0,44.0,85893,83440,62434,60731,0.0,0.0,236.0,236.0,237.0,30.0,29.0,30.0,0.74,Poor pf,solar_installation_no,,,Installation Okay ,declaration_yes,uuid:6c63a65b-6a1b-4aad-ad3a-ac5c1b38af7c,-1.3053433 36.7936601 1727.199951171875 3.5999999046325684,2025-08-08T07:31:41.876Z,281,KPL19439-MALEL
96,2025-08-08T09:56:38.083+03:00,2025-08-08T10:08:29.203+03:00,collect:nssdbXMgLJDhMuaj,"[36.7977512, -1.3012761, 1727.0999755859375]",040016120860,Royal Golf Club,530269.0,5302690,NAIROBI,NAIROBI WEST,ENTERTAINMENT_JOINT,GROUND_MOUNTED_ELEVATED,A02405,A02405,21785175,21785175,N/A,N/A,16120860,16120860,2177101,21777129,,,N/A,3P4W,1/1/,500/5,1754636580639.jpg,500/5,vt_ratio_1/1,y_n_yes,ct_vt_match_yes,None ,zera_test_done_no,,,,,,108.0,108.0,112.0,112.0,80.0,80.0,Balanced ,m_n_clamp_currents_yes,10:04:00.000+03:00,10:04:00.000+03:00,2025-08-08,2025-08-08,584270,572351,1754636726287.jpg,0,0,1754636767834.jpg,130.0,145.0,129.0,144.0,338699,331665,245572,240685,0.0,0.0,238.0,238.0,238.0,105.0,110.0,90.0,0.98,Okay ,solar_installation_no,,,Installation Okay ,declaration_yes,uuid:00dbb0df-367c-4071-b6fd-6753daf2b393,-1.3012761 36.7977512 1727.0999755859375 52.51900100708008,2025-08-08T07:08:31.756Z,281,KPL19439-MALEL
97,2025-08-08T09:51:04.541+03:00,2025-08-08T10:01:27.184+03:00,collect:BOOsp9s0hgL4BCg1,"[38.1474566, -2.0984766, 726]",040016119733,Ikutha tvet,,116760063,NAIROBI,MAKUENI,ACADEMIC_INSTITUTIONS,POLE_MOUNTED_ACCESSIBLE,2021,2021,20334247,Kpl21539460,NA,Na,21424102..21424098,21424102...21424098,None,Kpl21539407,,,,3P4W,1/1/,200/5,1754636190838.jpg,200/5,vt_ratio_1/1,y_n_no,ct_vt_match_yes,No mismatch ,zera_test_done_no,,,,,,3.0,3.0,1.0,1.0,0.6,0.6,Not balanced ,m_n_clamp_currents_yes,09:57:00.000+03:00,09:57:00.000+03:00,2025-08-08,2025-08-08,11279,11162,1754636310974.jpg,0,0,1754636334177.jpg,6.0,7.0,4.0,6.0,6039,5964,5240,5198,,,244.0,244.0,245.0,2.0,2.0,0.6,0.9,Okay,solar_installation_no,,,Installation okay,declaration_yes,uuid:f31d4b45-9457-4862-9851-96bcf92e8d64,-2.0984766 38.1474566 726.0 2.200000047683716,2025-08-08T07:01:29.921Z,253,KPL17162-Njaramba
98,2025-08-08T09:15:52.206+03:00,2025-08-08T09:29:00.619+03:00,collect:nssdbXMgLJDhMuaj,"[36.8026051, -1.309825, 1705.300048828125]",040016117591,Mbagathi Hospital ,3123356.0,31233562,NAIROBI,NAIROBI WEST,HOSPITAL,GROUND_MOUNTED_ELEVATED,N/A,N/A,21787852,21787852,N/A,N/A,N/A,N/A,21787892,21770028,,,0079258 Module seal,3P4W,1/1/,1/1,1754634190376.jpg,1/1,vt_ratio_1/1,y_n_yes,ct_vt_match_yes,None ,zera_test_done_no,,,,,,58.0,58.0,33.0,33.0,55.0,55.0,Balanced ,m_n_clamp_currents_yes,09:25:00.000+03:00,08:56:00.000+03:00,2025-08-08,2025-08-08,1072698,1066469,1754634385876.jpg,0,0,1754634409568.jpg,59.0,65.0,58.0,65.0,498193,495407,574505,571061,0.0,0.0,236.0,244.0,237.0,61.0,31.0,90.0,0.98,Okay ,solar_installation_no,,,Installation Okay ,declaration_yes,uuid:f728c97a-4650-455b-bac3-0d1f76505079,-1.309825 36.8026051 1705.300048828125 20.530000686645508,2025-08-08T06:29:04.376Z,281,KPL19439-MALEL
99,2025-08-08T08:46:32.643+03:00,2025-08-08T09:04:37.760+03:00,collect:nssdbXMgLJDhMuaj,"[36.8035067, -1.3079567, 1706.5]",040016117243,Kenya shell ltd,611473.0,6114734,NAIROBI,NAIROBI WEST,SERVICE,GROUND_MOUNTED_ELEVATED,Hx2016,Hx2016,21745581,21745581,21787865,21787865,Hx2016,Hx2016,21705707,21770062,,,N/A,3P4W,1/1/,200/5,1754632540087.jpg,200/5,vt_ratio_1/1,y_n_yes,ct_vt_match_yes,None ,zera_test_done_no,,,,,,55.0,55.0,62.0,62.0,60.0,60.0,Balanced ,m_n_clamp_currents_yes,08:59:00.000+03:00,08:59:00.000+03:00,2025-08-08,2025-08-08,1935800,1931619,1754632839315.jpg,0,0,1754632864273.jpg,55.0,65.0,55.0,64.0,1278131,1275271,657670,656347,0.0,0.0,246.0,245.0,243.0,49.0,62.0,83.0,0.99,Okay ,solar_installation_no,,,Installation okay ,declaration_yes,uuid:693d5598-7ed0-4f6a-9d1e-fa89be276ded,-1.3079567 36.8035067 1706.5 1.7999999523162842,2025-08-08T06:04:40.933Z,281,KPL19439-MALEL
100,2025-08-07T12:03:25.463+03:00,2025-08-08T09:00:41.950+03:00,collect:3eJvzIu4Vo5l9Fbu,"[36.8356244, -1.3254297, 1641.300048828125]",040013031181,Ministry of energy,4135991.0,4135991,NAIROBI,NAIROBI WEST,GOVT_PARASTATAL,AMR_METERING,,,21036496,21746470,,,,,,,,,,3P4W,1/1/,200/5,1754557682080.jpg,200/5,vt_ratio_1/1,y_n_no,ct_vt_match_no,None,zera_test_done_no,,,,,,0.0,0.0,0.0,0.0,0.0,0.0,Meter not in use,m_n_clamp_currents_yes,12:09:00.000+03:00,12:09:00.000+03:00,2025-08-07,2025-08-07,34002,34002,1754558047650.jpg,0,0,1754558081385.jpg,0.0,0.0,0.0,0.0,15643,15643,18359,18359,,,242.0,243.0,243.0,0.0,0.0,0.0,1.0,Meter ok,solar_installation_no,,,Meter  to be replaced with advanced meter,declaration_yes,uuid:bf3d8852-0fe9-42df-8b40-81b5c3c740bd,-1.3254297 36.8356244 1641.300048828125 1299.9990234375,2025-08-08T06:00:43.656Z,283,KPL85008-GABRIEL
101,2025-08-08T08:22:51.588+03:00,2025-08-08T09:00:07.786+03:00,collect:DiuDOZhTJ7fV9id6,"[36.8622603, -1.317702, 1632.1]",040013031037,Skylabel & stationeries ,2162061.0,21620618,NAIROBI,NAIROBI SOUTH,MANUFACTURING,AMR_METERING,20851206,20851206,21492320,21492320,N/a,N/a,Blue star ,Blue star,N/a,N/a,21492381,21538706,21492301,3P4W,1/1/,500/5,1754631084276.jpg,500/5,vt_ratio_1/1,y_n_no,ct_vt_match_yes,No,zera_test_done_no,,,,,,83.0,83.0,82.0,82.0,83.0,83.0,Ok,m_n_clamp_currents_yes,08:39:00.000+03:00,08:39:00.000+03:00,2025-08-08,2025-08-08,1391485,1386700,1754631701529.jpg,25445,25444,1754631786603.jpg,101.0,97.0,90.0,95.0,802629,798962,588858,587738,,,233.0,233.0,234.0,83.0,82.0,83.0,0.9,Ok,solar_installation_yes,55kw,2023-03-09,"Installation okay 
Inspected by Florence, Onesmus & Nashon ",declaration_yes,uuid:e1efc511-888e-4253-bc67-9a186bf7eb49,-1.317702 36.8622603 1632.1 4.449999809265137,2025-08-08T06:00:09.261Z,252,KPL15578-Florence
102,2025-08-07T18:20:38.560+03:00,2025-08-07T18:37:32.481+03:00,collect:G1OsVykGIwMq4aId,"[36.9507398, -1.4184765, 1524.699951171875]",040016119965,Boniao,12807802.0,140864673,NAIROBI,MACHAKOS,MANUFACTURING,GROUND_MOUNTED_ACCESSIBLE,Plate ,Plate ,22536400,21503371,None ,None ,21425441,21425441,21544744,21503362,,,None ,3P4W,1/1/,200/5,1754580464433.jpg,200/5,vt_ratio_1/1,y_n_yes,ct_vt_match_yes,None ,zera_test_done_no,,,,,,3.5,3.5,2.0,2.0,11.0,11.0,Unbalanced ,m_n_clamp_currents_yes,18:31:00.000+03:00,18:31:00.000+03:00,2025-08-07,2025-08-07,408192,405961,1754580780661.jpg,0,0,1754580811503.jpg,43.0,37.0,42.0,36.0,227315,225801,180876,180159,,,227.0,230.0,226.0,14.0,1.9,11.0,0.99,Okay ,solar_installation_no,,,Installation and meter okay ,declaration_yes,uuid:24476409-5769-4593-966b-c6708519860d,-1.4184765 36.9507398 1524.699951171875 24.652999877929688,2025-08-07T15:37:33.755Z,248,KPL52768-Musakue
103,2025-08-07T17:34:40.427+03:00,2025-08-07T18:02:15.421+03:00,collect:G1OsVykGIwMq4aId,"[36.9482864, -1.4185956, 1535.9000244140625]",040016113078,Gold leaf Kenya ltd,4612912.0,46129120,NAIROBI,MACHAKOS,FOOD_PROCESSING,GROUND_MOUNTED_ACCESSIBLE,Plate ,Plate ,21541554,21500574,20296986,20296986,Plate ,Plate ,21541511/21536355,21500546/21500529,,,None ,3P4W,1/1/,1000/5,1754578260482.jpg,1000/5,vt_ratio_1/1,y_n_yes,ct_vt_match_yes,None ,zera_test_done_no,,,,,,0.0,0.0,0.0,0.0,0.0,0.0,No load disconnected ,m_n_clamp_currents_yes,17:53:00.000+03:00,17:53:00.000+03:00,2025-08-07,2025-08-07,2688556,2688556,1754578609336.jpg,2,2,1754578745617.jpg,0.0,0.0,0.0,0.0,2166810,2166810,521745,521745,,,245.0,245.0,245.0,0.0,0.0,0.0,1.0,Okay ,solar_installation_no,,,No load disconnected ,declaration_yes,uuid:e35791bd-b568-4ddc-8ec4-dbfedb0fdcc9,-1.4185956 36.9482864 1535.9000244140625 87.5999984741211,2025-08-07T15:02:19.979Z,248,KPL52768-Musakue
104,2025-08-07T16:56:10.174+03:00,2025-08-07T17:27:12.625+03:00,collect:G1OsVykGIwMq4aId,"[36.9505805, -1.422094, 1535.9000244140625]",040010111028,Ruxin company limited,4333009.0,165923998,NAIROBI,MACHAKOS,MANUFACTURING,AMR_METERING,20159382,20159382,21541592,21500597,None ,None ,20297934,20297934,None ,None ,20541513,21500579,20145773,3P4W,1/1/,500/5,1754576050184.jpg,500/5,vt_ratio_1/1,y_n_no,ct_vt_match_yes,None ,zera_test_done_no,,,,,,128.0,128.0,70.0,70.0,64.0,64.0,Unbalanced ,m_n_clamp_currents_yes,17:20:00.000+03:00,17:14:00.000+03:00,2025-08-07,2025-08-07,2163288,2158407,1754576630792.jpg,140,140,1754576669508.jpg,224.0,231.0,220.0,223.0,1547726,1543203,615564,615201,129.0,120.0,246.0,246.0,247.0,105.0,74.0,76.0,0.98,Okay ,solar_installation_no,,,None ,declaration_yes,uuid:98f77890-05b6-442d-8609-830818414f8e,-1.422094 36.9505805 1535.9000244140625 2599.9990234375,2025-08-07T14:27:16.658Z,248,KPL52768-Musakue
105,2025-08-07T16:47:53.137+03:00,2025-08-07T17:06:29.341+03:00,collect:LcT7p5BZpWxL9vzf,"[36.971942, -1.4730059, 1563.5999755859375]",040018100033,Africa Parachichi,14569767.0,173289394,NAIROBI,MACHAKOS,MANUFACTURING,GROUND_MOUNTED_ACCESSIBLE,Plate,Plate ,21595255,21563098,N/A,N/A,N/A,N/A,21595262,21563009,,,None,3P4W,1/1/,300/5,1754575122730.jpg,300/5,vt_ratio_1/1,y_n_yes,ct_vt_match_yes,No mismatch ,zera_test_done_no,,,,,,70.0,70.0,87.0,87.0,81.0,81.0,Loads balancing ,m_n_clamp_currents_yes,17:02:00.000+03:00,17:02:00.000+03:00,2025-08-07,2025-08-07,28330,19484,1754575454686.jpg,0,0,1754575473128.jpg,132.0,14.0,107.0,11.0,15596,10274,12734,9209,,,241.0,241.0,241.0,80.0,71.0,71.0,0.9,Ok,solar_installation_no,,,Meter installation ok. No anomalies detected.,declaration_yes,uuid:b4eeb020-dabb-4f60-841f-3bc85975eac6,-1.4730059 36.971942 1563.5999755859375 60.0,2025-08-07T14:07:27.223Z,282,KPL18934-ISIKA
106,2025-08-07T16:24:56.183+03:00,2025-08-07T16:51:10.608+03:00,collect:G1OsVykGIwMq4aId,"[36.9495729, -1.4179761, 1535.9000244140625]",040016117018,Ritepak ltd,10528306.0,109495135,NAIROBI,MACHAKOS,MANUFACTURING,GROUND_MOUNTED_ACCESSIBLE,Plate ,Plate ,21541519,21500576,20542535,20542535,Plate ,Plate ,21536368,21500576,,,None ,3P4W,1/1/,300/5,1754574035058.jpg,300/5,vt_ratio_1/1,y_n_yes,ct_vt_match_yes,None ,zera_test_done_no,,,,,,0.0,0.0,0.0,0.0,0.0,0.0,No load disconnected ,m_n_clamp_currents_yes,16:42:00.000+03:00,16:51:00.000+03:00,2025-08-07,2025-08-07,858447,858447,1754574408299.jpg,0,0,1754574447210.jpg,0.0,0.0,0.0,0.0,528267,528267,330179,330179,,,235.0,235.0,235.0,0.0,0.0,0.0,1.0,No load disconnected ,solar_installation_no,,,"None, no load disconnected ",declaration_yes,uuid:781b86ab-bcdb-4f4e-8674-962d10bbcce7,-1.4179761 36.9495729 1535.9000244140625 100.0,2025-08-07T13:51:13.416Z,248,KPL52768-Musakue
107,2025-08-07T16:12:06.327+03:00,2025-08-07T16:45:14.612+03:00,collect:LcT7p5BZpWxL9vzf,"[36.9729923, -1.4731701, 1548.800048828125]",040016121296,JF&Packaging EPZ,15137497.0,170864340,NAIROBI,MACHAKOS,MANUFACTURING,GROUND_MOUNTED_ACCESSIBLE,20062016,20062016,21544061,21563076,21544009,21544009,21544008,21544008,21544092,21563029,,,None,3P4W,1/1/,300/5,1754574015959.jpg,300/5,vt_ratio_1/1,y_n_yes,ct_vt_match_yes,No mismatch ,zera_test_done_no,,,,,,132.0,132.0,119.0,119.0,124.0,124.0,Loads balancing ,m_n_clamp_currents_yes,16:41:00.000+03:00,16:41:00.000+03:00,2025-08-07,2025-08-07,15287,13031,1754574158812.jpg,0,0,1754574171515.jpg,77.0,88.0,75.0,85.0,12685,10709,2604,2322,,,238.0,238.0,238.0,113.0,100.0,105.0,0.97,Ok,solar_installation_no,,,Meter installation ok. No anomalies detected.,declaration_yes,uuid:f0da6136-34e2-4321-a2be-3b9cee5a3a4c,-1.4731701 36.9729923 1548.800048828125 77.5999984741211,2025-08-07T13:45:16.584Z,282,KPL18934-ISIKA
108,2025-08-07T16:31:45.637+03:00,2025-08-07T16:42:57.011+03:00,collect:cwH91UmnSiSO86W0,"[36.7620913, -1.3976793, 1724.9000244140625]",040016112631,Kuku food limited ,12641357.0,145288288,NAIROBI,KAJIADO,HOSPITALITY,GROUND_MOUNTED_ACCESSIBLE,2016,Same as,Kpl21709522,Same as,Kp21026778,Same as ,2016,2016,Kpl21709502,Kpl21708245,,,N/a,3P4W,1/1/,200/5,1754573844537.jpg,200/5,vt_ratio_1/1,y_n_yes,ct_vt_match_no,No,zera_test_done_no,,,,,,52.6,52.61,24.14,24.13,27.62,27.61,Poor ,m_n_clamp_currents_yes,16:38:00.000+03:00,16:38:00.000+03:00,2025-08-07,2025-08-07,1042941,1039998,1754574044231.jpg,546,546,1754574073943.jpg,53.0,51.0,52.0,50.0,589276,587535,453664,452462,0.0,0.0,246.0,243.0,244.0,44.76,24.31,38.8,0.86,Ok,solar_installation_no,,,Installation okey ,declaration_yes,uuid:089d2f07-0960-49ec-bf71-078d85d57069,-1.3976793 36.7620913 1724.9000244140625 30.027999877929688,2025-08-07T13:42:59.031Z,234,KPL51649-JORAM
109,2025-08-07T15:47:41.659+03:00,2025-08-07T16:24:35.340+03:00,collect:G1OsVykGIwMq4aId,"[36.94737, -1.4145683, 1535.9000244140625]",040016114755,Plaminam agencies ltd,4556349.0,118975051,NAIROBI,MACHAKOS,MANUFACTURING,GROUND_MOUNTED_ACCESSIBLE,Plate ,Plate ,21541531,21500531,21541528,21541528,Plate ,Plate ,21541571,21500552,,,None ,3P4W,1/1/,300/5,1754571498492.jpg,300/5,vt_ratio_1/1,y_n_yes,ct_vt_match_yes,None ,zera_test_done_no,,,,,,0.9,0.9,0.7,0.7,0.6,0.6,Balanced ,m_n_clamp_currents_yes,16:01:00.000+03:00,16:01:00.000+03:00,2025-08-07,2025-08-07,367381,366615,1754572124811.jpg,0,0,1754572150282.jpg,35.0,40.0,35.0,40.0,305754,305047,61626,61568,,,238.0,238.0,239.0,0.9,0.7,0.6,0.51,Okay ,solar_installation_no,,,None ,declaration_yes,uuid:9f386a3c-5ecd-46f6-a5b1-cdec871d4099,-1.4145683 36.94737 1535.9000244140625 11.300000190734863,2025-08-07T13:24:37.439Z,248,KPL52768-Musakue
110,2025-08-07T09:34:02.938+03:00,2025-08-07T16:06:14.054+03:00,collect:clhO7Mun9wEJ6ZUG,"[36.8523219, -1.3093148, 1631.5999755859375]",040008082990,Mineral mining company,531177.0,5311774,NAIROBI,NAIROBI SOUTH,SERVICE,AMR_METERING,20NM,20NM,21539603,21539603,21539650,21539650,20NM,20NM,N/A,N/A,20298407 21539647,21538710 21538763,N/A,3P4W,1/1/,300/5,1754555151990.jpg,300/5,vt_ratio_1/1,y_n_no,ct_vt_match_yes,No,zera_test_done_no,,,,,,0.0,0.0,0.0,0.0,3.0,3.0,Ok,m_n_clamp_currents_yes,15:28:00.000+03:00,15:28:00.000+03:00,2025-08-07,2025-08-07,642888,642768,1754555440351.jpg,20,20,1754555526725.jpg,1.0,1.0,1.0,1.0,451697,451627,191191,191140,,,239.0,238.0,239.0,0.0,0.0,3.0,0.8,"Metering ok business relocated inspected by Onesmus, Florence,Nashon",solar_installation_no,,,"Installation okay business relocated inspected by Onesmus, Florence and Nashon",declaration_yes,uuid:25818279-756d-477e-8838-c1d698501e07,-1.3093148 36.8523219 1631.5999755859375 125.14099884033203,2025-08-07T13:06:14.586Z,275,KPL20048-ONESMUS
111,2025-08-07T15:29:57.769+03:00,2025-08-07T15:40:16.500+03:00,collect:BOOsp9s0hgL4BCg1,"[38.1573233, -2.6891967, 730.9]",040016117805,Kenya pipeline,,100925460,NAIROBI,NAIROBI SOUTH,SERVICE,GROUND_MOUNTED_ELEVATED,2016,2016,20337405,Kplc20337405,Kplc0002538,Kplc0002538,2016,2016,20334251,Kpl21539436,,,,3P4W,132000/110,50/1,1754570089289.jpg,50/1,vt_ratio_132000/110,y_n_no,ct_vt_match_yes,No mismatch ,zera_test_done_no,,,,,,11.0,11.0,11.0,11.0,11.0,11.0,Balanced ,m_n_clamp_currents_yes,15:36:00.000+03:00,15:36:00.000+03:00,2025-08-07,2025-08-07,114499000,114078000,1754570230031.jpg,0,0,1754570253490.jpg,2820.0,2820.0,3120.0,3120.0,57049254,56835060,57450318,57243690,,,77940.0,78924.0,76128.0,11.0,12.0,13.0,0.9,Okay,solar_installation_no,,,Installation okay,declaration_yes,uuid:94d0bf4f-3b8e-4802-a784-e6a916330ce3,-2.6891967 38.1573233 730.9 15.800000190734863,2025-08-07T12:40:18.111Z,253,KPL17162-Njaramba
112,2025-08-07T15:11:56.415+03:00,2025-08-07T15:37:40.350+03:00,collect:G1OsVykGIwMq4aId,"[36.9483109, -1.4184805, 1536.199951171875]","040016114801
",Kingpipe enterprises ltd,4445038.0,44450385,NAIROBI,MACHAKOS,MANUFACTURING,GROUND_MOUNTED_ACCESSIBLE,Plate ,Plate ,21541561,21500532,20296990,20296990,Plate ,Plate ,21536339,21500561,,,None,3P4W,1/1/,300/5,1754569491435.jpg,300/5,vt_ratio_1/1,y_n_yes,ct_vt_match_no,None ,zera_test_done_no,,,,,,59.0,59.0,59.0,59.0,58.0,58.0,Balanced,m_n_clamp_currents_yes,15:28:00.000+03:00,15:28:00.000+03:00,2025-08-07,2025-08-07,1717611,1714392,1754570039981.jpg,342,342,1754570076274.jpg,96.0,87.0,94.0,85.0,1138088,1135639,579524,578752,,,237.0,238.0,237.0,59.0,58.0,59.0,0.97,Okay ,solar_installation_no,,,None ,declaration_yes,uuid:311da044-7fbe-4c9c-b6a7-0cd9e5a630e0,-1.4184805 36.9483109 1536.199951171875 56.42399978637695,2025-08-07T12:37:46.418Z,248,KPL52768-Musakue
113,2025-08-07T15:21:12.688+03:00,2025-08-07T15:34:08.725+03:00,collect:cwH91UmnSiSO86W0,"[36.803552, -1.3997509, 1680.5]",040016120688,Surya wood limited ,,165917002,NAIROBI,KAJIADO,CONSTRUCTION,GROUND_MOUNTED_ACCESSIBLE,A02377,Same as,Kpl21743288,Same as,N/a,Same as,16120688,Same as ,Kpl21709575,21862882,,,N/a,3P4W,1/1/,200/5,1754569688631.jpg,200/5,vt_ratio_1/1,y_n_yes,ct_vt_match_yes,No,zera_test_done_no,,,,,,10.19,10.18,8.9,8.91,7.36,7.37,Ok,m_n_clamp_currents_yes,15:29:00.000+03:00,15:29:00.000+03:00,2025-08-07,2025-08-07,17795,17302,1754569803062.jpg,0,0,1754569837670.jpg,12.0,22.0,12.0,22.0,12229,11940,5566,5361,3.4,3.2,218.0,222.0,219.0,6.36,5.2,4.52,0.99,Ok,solar_installation_no,,,Installation okey ,declaration_yes,uuid:ec456e43-8005-4e33-b842-c35182cd9429,-1.3997509 36.803552 1680.5 6.0,2025-08-07T12:34:10.994Z,234,KPL51649-JORAM
114,2025-08-07T15:05:13.351+03:00,2025-08-07T15:32:58.099+03:00,collect:btwRkhG6ixoGvp8k,"[36.785687, -1.2782941, 1737.5999755859375]",40013030299,Synina,13853551.0,145813667,NAIROBI,NAIROBI WEST,RESIDENTIAL_PREMISES,GROUND_MOUNTED_ACCESSIBLE,20646127,20646127,21807106,21807106,None ,None ,None ,None ,None ,None ,,,"Ct chember21742876/07
New 21771037/98",3P4W,1/1/,200/5,1754569445140.jpg,200/5,vt_ratio_1/1,y_n_no,ct_vt_match_yes,Okay ,zera_test_done_no,,,,,,32.0,32.0,27.0,27.0,36.0,35.0,Okay ,m_n_clamp_currents_yes,15:26:00.000+03:00,15:20:00.000+03:00,2025-08-07,2025-08-07,1860339,1857803,1754569696896.jpg,319,317,1754569752853.jpg,51.0,51.0,49.0,49.0,1072967,1071297,787372,786506,,,245.0,245.0,247.0,37.0,37.0,45.0,0.9,Okay ,solar_installation_no,,,Installation okay ,declaration_yes,uuid:29342b0b-8ee1-403d-8108-97b0b3e8aa40,-1.2782941 36.785687 1737.5999755859375 99.12999725341797,2025-08-07T12:32:59.771Z,219,KPL18417-RODGERS
115,2025-08-07T14:54:21.176+03:00,2025-08-07T15:30:40.027+03:00,collect:RL8tYUKjMINfjjtf,"[36.8177383, -1.2798477, 1662.5]",0400101109937,UON,,530015,NAIROBI,NAIROBI NORTH,ACADEMIC_INSTITUTIONS,AMR_METERING,Kplc20062038,Kplc20062038,Kpl21915366,Kpl21915366,None ,None ,None ,None ,None ,None ,In busbar ,In busbar ,None ,3P4W,1/1/,500/5,1754567931383.jpg,500/5,vt_ratio_1/1,y_n_no,ct_vt_match_yes,None ,zera_test_done_no,,,,,,59.0,59.0,86.0,86.0,80.0,80.0,Okay ,m_n_clamp_currents_yes,15:21:00.000+03:00,15:21:00.000+03:00,2025-08-07,2025-08-07,4069297,4064572,1754569384620.jpg,0,0,1754569416968.jpg,73.0,80.0,73.0,79.0,2291099,2287780,1778198,1776791,73.0,73.0,240.0,239.0,239.0,68.0,78.0,80.0,0.98,Okay ,solar_installation_no,,,"Partial bypass from busbar.
Red phase=0.5 amps 
Yellow phase= 2.8 amps
Blue phase =0.
For meter n.o 60732464 which is disconnected.",declaration_yes,uuid:0e4cd7be-b99e-4a65-90cb-22f74b1eb7d8,-1.2798477 36.8177383 1662.5 16.591999053955078,2025-08-07T12:30:40.800Z,304,KPL18500-ELIJAH NJUE
116,2025-08-07T15:06:02.129+03:00,2025-08-07T15:25:08.313+03:00,collect:BOOsp9s0hgL4BCg1,"[38.1575283, -2.689715, 684.5]",040016110291,KENYA PIPELINE,,5356116,NAIROBI,MAKUENI,SERVICE,POLE_MOUNTED_ACCESSIBLE,2015,2015,20337401,Kplc20337401,Kplc20309327..20309347,Kplc20309327..20309347,2015,2015,Kplc20334227,Kpl21539401,,,,3P3W,132000/110,50/1,1754568831570.jpg,50/1,vt_ratio_132000/110,y_n_no,ct_vt_match_yes,No mismatch ,zera_test_done_no,,,,,,0.2,0.2,0.2,0.2,0.2,0.2,Balanced ,m_n_clamp_currents_yes,15:17:00.000+03:00,15:17:00.000+03:00,2025-08-07,2025-08-07,1001198000,1001202000,1754569202961.jpg,296106,196106,1754569240330.jpg,0.0,120.0,0.0,0.0,461956,461954,539245,539243,,,76944.0,74148.0,77430.0,0.2,0.2,0.25,0.0,Okay ,solar_installation_no,,,Installation okay,declaration_yes,uuid:1ae46d7f-78b1-40e7-b61f-5e9d6cd6ee28,-2.689715 38.1575283 684.5 4.699999809265137,2025-08-07T12:25:40.098Z,253,KPL17162-Njaramba
117,2025-08-07T14:55:20.574+03:00,2025-08-07T15:10:11.841+03:00,collect:cwH91UmnSiSO86W0,"[36.8028243, -1.3988266, 1680.5]",040016110877,Sigma feeds limited ,,41222654,NAIROBI,KAJIADO,FOOD_PROCESSING,GROUND_MOUNTED_ACCESSIBLE,2015,Same as,Kpl21743250,Same as,Kpl21833943,Same as,2015,Same as ,Kpl21708867,21862884/kpl21835858,,,N/a,3P4W,1/1/,1500/5,1754568098435.jpg,1500/5,vt_ratio_1/1,y_n_yes,ct_vt_match_yes,No,zera_test_done_no,,,,,,389.13,389.14,459.5,459.4,400.21,400.2,Ok,m_n_clamp_currents_yes,15:03:00.000+03:00,15:03:00.000+03:00,2025-08-07,2025-08-07,7241084,7221802,1754568534874.jpg,11725,11725,1754568492804.jpg,590.0,718.0,557.0,653.0,4810831,4799794,2430249,2422007,0.0,0.0,236.0,240.0,237.0,375.0,396.0,412.0,0.96,Okay ,solar_installation_yes,400kva,2018-11-15,Installation okay ,declaration_yes,uuid:d7dea352-7b9a-436d-9282-0c96f3fa1418,-1.3988266 36.8028243 1680.5 48.900001525878906,2025-08-07T12:10:13.884Z,234,KPL51649-JORAM
118,2025-08-07T14:38:09.847+03:00,2025-08-07T14:50:26.587+03:00,collect:Fc8Wv45uMwdWX3Cd,"[38.3624674, -1.0676867, 616.8027243083549]",040016117938,NUU TVET,14990777.0,11690959,NORTH_EASTERN,KITUI,ACADEMIC_INSTITUTIONS,GROUND_MOUNTED_ACCESSIBLE,2018,2018,NONE,22485481,20610248,20610248,2018,2018,NONE,22485472,,,NONE,3P4W,1/1/,300/5,1754566987743.jpg,300/5,vt_ratio_1/1,y_n_no,ct_vt_match_yes,NONE,zera_test_done_no,,,,,,17.82,17.58,3.62,3.54,5.23,5.22,FAIRLY UNBALANCED,m_n_clamp_currents_yes,14:44:00.000+03:00,14:45:00.000+03:00,2025-08-07,2025-08-07,25176,25175,1754567197052.jpg,0,0,1754567225197.jpg,4.38,0.0,2.88,0.0,11932,11931,13244,13244,4.62,3.12,243.44,247.35,246.04,17.58,3.84,5.22,0.674,METERING OKAY,solar_installation_no,,,"METERING OKAY, CUSTOMER ADVICED TO BALANCE PHASES.",declaration_yes,uuid:6f9a1ccd-3c1b-4996-aa04-58892bb97d55,-1.0676867 38.3624674 616.8027243083549 3.7899999618530273,2025-08-07T11:50:27.376Z,266,KPL18909-NYAOKE
119,2025-08-07T14:37:46.883+03:00,2025-08-07T14:50:05.613+03:00,collect:cwH91UmnSiSO86W0,"[36.8028215, -1.3988267, 1680.5]",040016113540,Irvine kenya Limited ,14372749.0,158946186,NAIROBI,KAJIADO,AGRIBUSINESS,GROUND_MOUNTED_ELEVATED,2016,Same as ,Kpl21743263,Same as,Kpl21743277,Same as ,2016,Same as,Kpl21833960,21862899,,,N/a,3P4W,1/1/,300/5,1754567028684.jpg,300/5,vt_ratio_1/1,y_n_yes,ct_vt_match_yes,No,zera_test_done_no,,,,,,51.54,51.53,44.3,44.3,41.28,41.29,Ok ,m_n_clamp_currents_yes,14:45:00.000+03:00,14:45:00.000+03:00,2025-08-07,2025-08-07,2613693,2608511,1754567224872.jpg,1883,1883,1754567286269.jpg,51.0,55.0,47.0,51.0,1647097,1644826,966597,963685,0.0,0.0,235.0,238.0,236.0,52.0,44.0,41.0,0.97,Ok ,solar_installation_no,,,Installation okey ,declaration_yes,uuid:6ab4acb8-25b8-4ddc-aaae-bdbdf83a27b0,-1.3988267 36.8028215 1680.5 60.0,2025-08-07T11:50:08.178Z,234,KPL51649-JORAM
120,2025-08-07T13:57:16.742+03:00,2025-08-07T14:48:31.706+03:00,collect:q46sji4dVyuz92mM,"[36.8650485, -1.3295366, 1629.5999755859375]",040010010170,SAMEER AFRICA ,531236.0,531236,NAIROBI,NAIROBI SOUTH,MULTI_USE_OFFICE_COMPLEX,AMR_METERING,20794617,20794617,21803760,21537586,20942642,20942642,20NM,20NM,None,,,,,3P3W,66000/110,50/5,1754564677615.jpg,50/5,vt_ratio_66000/110,y_n_no,ct_vt_match_yes,None,zera_test_done_yes,55.0,FAIL,,Not done ,meter_pass_test_no,12.0,12.0,0.0,0.0,13.0,13.0,Pkay,m_n_clamp_currents_yes,14:44:00.000+03:00,14:44:00.000+03:00,2025-08-07,2025-08-07,86780292,86692734,1754567149386.jpg,0,0,1754567281338.jpg,1076.0,1132.0,981.0,1053.0,45515586,45466458,41264718,41226270,,,66849.0,0.0,66814.0,12.0,0.0,13.0,0.9,Doesn't have reverse scale ,solar_installation_no,,,Meter failed accuracy test ,declaration_yes,uuid:6790d145-965b-49f9-a071-f28be9307633,-1.3295366 36.8650485 1629.5999755859375 123.51799774169922,2025-08-07T11:48:33.841Z,277,KPL17260-ELLIS
121,2025-08-07T14:37:16.434+03:00,2025-08-07T14:47:53.744+03:00,collect:BOOsp9s0hgL4BCg1,"[38.16854, -2.6885584, 735.6]",040016112323,Honeyland bakeryltd,,20751398,NAIROBI,MAKUENI,FOOD_PROCESSING,POLE_MOUNTED_ELEVATED,2015,2015,None,Kpl21539425,None,Kpl21539412,2015,2015,20296089,Kpl21539446,,,,3P4W,1/1/,200/5,1754567000589.jpg,200/5,vt_ratio_1/1,y_n_no,ct_vt_match_yes,No mismatch ,zera_test_done_no,,,,,,0.0,0.0,0.0,0.0,0.0,0.0,Disconnected ,m_n_clamp_currents_yes,14:43:00.000+03:00,14:43:00.000+03:00,2025-08-07,2025-08-07,291491,291491,1754567082798.jpg,0,0,1754567108472.jpg,0.0,0.0,0.0,0.0,168037,168037,123454,123454,,,240.0,0.0,239.0,0.0,0.0,0.0,0.0,Off supply,solar_installation_no,,,Customer off supply due to non payment ,declaration_yes,uuid:24fa0f68-33ae-4ca3-b9dd-7b4995093cb7,-2.6885584 38.16854 735.6 3.757999897003174,2025-08-07T11:47:55.397Z,253,KPL17162-Njaramba
122,2025-08-07T14:19:30.545+03:00,2025-08-07T14:38:04.592+03:00,collect:RwyiURSXoLGr5JA8,"[36.8924981, -1.3383401, 1620.0999755859375]",040008082314,Nairobi star,2744936.0,27449362,NAIROBI,NAIROBI SOUTH,SERVICE,AMR_METERING,20NM,20NM,21543180,21543180,21543182,21543182,None,None,N/A,N/A,21543185,21538062,None,3P4W,1/1/,500/5,1754566197488.jpg,500/5,vt_ratio_1/1,y_n_no,ct_vt_match_yes,No,zera_test_done_no,,,,,,31.0,30.0,30.0,38.0,20.0,20.0,Not ,m_n_clamp_currents_yes,14:32:00.000+03:00,14:32:00.000+03:00,2025-08-07,2025-08-07,1602881,1601458,1754566421879.jpg,14,14,1754566545336.jpg,0.0,0.0,0.0,0.0,1082318,1081786,520562,519672,0.0,0.0,248.0,249.0,249.0,28.8,25.2,17.5,0.63,Faulty meter.Not recording Kva and kw,solar_installation_no,,,,declaration_yes,uuid:20c7aa2a-faf4-4f0b-b004-26d47cd33be7,-1.3383401 36.8924981 1620.0999755859375 29.700000762939453,2025-08-07T11:38:06.001Z,201,KPL12141-JANET
123,2025-08-07T13:32:13.535+03:00,2025-08-07T14:07:30.992+03:00,collect:GH8axLVX2ENG4Fgx,"[36.8921877, -1.33854, 1611]",040015010346,LIMITED PACKAGING PLATINUM ,2496171.0,24961710,NAIROBI,NAIROBI SOUTH,SERVICE,AMR_METERING,Mn2000,Mn2000,21535881,21538036,None ,None ,None ,None ,NA,NA,21535809,21538012,None ,3P4W,1/1/,500/5,1754564167892.jpg,500/5,vt_ratio_1/1,y_n_no,ct_vt_match_yes,No,zera_test_done_no,,,,,,0.0,0.0,0.0,0.0,0.0,0.0,Account disconnected ,m_n_clamp_currents_yes,13:57:00.000+03:00,13:57:00.000+03:00,2025-08-07,2025-08-07,348665,348665,1754564329890.jpg,0,0,1754564539936.jpg,0.0,0.0,0.0,0.0,254680,254680,93985,93985,,,243.0,244.0,245.0,0.0,0.0,0.0,1.0,Metering Okay ,solar_installation_no,,,Metering Okay ,declaration_yes,uuid:4f0a788c-0cd3-4e66-b03e-6e2e97d347cb,-1.33854 36.8921877 1611.0 42.79999923706055,2025-08-07T11:37:01.007Z,278,KPL05614-LIMO
124,2025-08-07T09:46:23.489+03:00,2025-08-07T14:29:38.116+03:00,collect:DiuDOZhTJ7fV9id6,"[36.8536024, -1.3087664, 1630.4000244140625]",040010111130,Kamili packers,195138.0,1951385,NAIROBI,NAIROBI SOUTH,MANUFACTURING,AMR_METERING,20099704,20099704,20541415,20541415,N/a,N/a,Blue star,Blue star,N/a,N/a,21541443,21538752,21541424,3P4W,1/1/,1000/5,1754549756925.jpg,1000/5,vt_ratio_1/1,y_n_no,ct_vt_match_yes,No,zera_test_done_no,,,,,,37.0,37.0,21.0,21.0,22.0,22.0,Ok,m_n_clamp_currents_yes,10:02:00.000+03:00,10:02:00.000+03:00,2025-08-07,2025-08-07,6888579,68885755,1754550272333.jpg,0,0,1754550650736.jpg,64.0,108.0,60.0,104.0,4268427,4266954,2620152,2618801,15.0,15.0,239.0,238.0,238.0,37.0,21.0,22.0,0.9,Ok,solar_installation_yes,60kw,2023-05-01,"Installation ok
Recommendation O/m to provide standard padlock 
S/s 182350 for TX room 
Inspected by Florence, Onesmus & Nahashon",declaration_yes,uuid:4b6aa893-eb18-49f5-90af-41b0e7b6272d,-1.3087664 36.8536024 1630.4000244140625 3.0999999046325684,2025-08-07T11:29:40.176Z,252,KPL15578-Florence
125,2025-08-07T14:04:26.812+03:00,2025-08-07T14:22:59.490+03:00,collect:btwRkhG6ixoGvp8k,"[36.7885709, -1.274733, 1731.199951171875]",040016120099,Elina,,140175977,NAIROBI,NAIROBI WEST,RESIDENTIAL_PREMISES,GROUND_MOUNTED_ELEVATED,2021,2021,21733544,21733544,None ,None ,21425120/32,21425120/32,21733512,21771055,,,None ,3P4W,1/1/,200/5,1754565224358.jpg,200/5,vt_ratio_1/1,y_n_yes,ct_vt_match_yes,None ,zera_test_done_no,,,,,,31.0,32.0,20.0,21.0,23.0,23.0,Okay ,m_n_clamp_currents_yes,14:15:00.000+03:00,14:15:00.000+03:00,2025-08-07,2025-08-07,151610,150650,1754565374404.jpg,0,0,1754565412953.jpg,35.0,41.0,16.0,21.0,88616,88041,62994,62609,,,236.0,237.0,236.0,31.0,32.0,32.0,0.512,Poor pf,solar_installation_no,,,"Installation okay, poor pf",declaration_yes,uuid:a56c8526-c3b9-43b4-af92-fefcdfaea439,-1.274733 36.7885709 1731.199951171875 82.5,2025-08-07T11:23:01.356Z,219,KPL18417-RODGERS
126,2025-08-07T14:05:49.313+03:00,2025-08-07T14:18:58.233+03:00,collect:Txc2FuXhwphk2M0a,"[36.8169614, -1.2722625, 1673.0999755859375]",040016111896,Kenyatta university,47070016.0,47070016,NAIROBI,NAIROBI NORTH,ACADEMIC_INSTITUTIONS,GROUND_MOUNTED_ACCESSIBLE,2015,2015,21045645,As above ,20242948,As above ,2015,2015,2011788,21916907,,,None ,3P4W,1/1/,500/5,1754565035426.jpg,500/5,vt_ratio_1/1,y_n_yes,ct_vt_match_yes,Okay ,zera_test_done_no,,,,,,29.0,29.0,39.0,39.0,29.0,29.0,Ok,m_n_clamp_currents_yes,14:13:00.000+03:00,14:13:00.000+03:00,2025-08-07,2025-08-07,1533238,1531074,1754565308704.jpg,0,0,1754565339300.jpg,24.0,33.0,24.0,33.0,983172,981896,550066,549177,24.0,24.0,252.0,251.0,251.0,29.0,39.0,29.0,1.0,Okay ,solar_installation_no,,,Okay ,declaration_yes,uuid:4ddd1331-f646-4dc5-8db2-c33487a7f1dc,-1.2722625 36.8169614 1673.0999755859375 100.0,2025-08-07T11:18:59.709Z,241,KPL15731-mulandi
127,2025-08-07T13:45:54.016+03:00,2025-08-07T14:18:36.918+03:00,collect:1K0xDI7PpqUytdma,"[37.6927722, 0.0316616, 1346.199951171875]",040016119503,Nkabune technical,,143161016,MOUNT_KENYA,MERU,ACADEMIC_INSTITUTIONS,GROUND_MOUNTED_ELEVATED,2021,2021,20989073,22322233,None ,None,21425301,21425301,20989072,22322298,,,,3P4W,1/1/,500/5,1754565121208.jpg,500/5,vt_ratio_1/1,y_n_yes,ct_vt_match_yes,No mismatch ,zera_test_done_no,,,,,,0.0,0.0,0.0,0.0,0.0,0.0,Power outage ,m_n_clamp_currents_yes,14:13:00.000+03:00,14:13:00.000+03:00,2025-08-07,2025-08-07,185272,183135,1754565272963.jpg,0,0,1754565323552.jpg,30.0,69.0,30.0,68.0,113162,112028,72110,71107,0.0,0.0,0.0,0.0,0.0,0.0,0.0,0.0,1.0,Power failure or outage ,solar_installation_no,,,Power outage or failure ,declaration_yes,uuid:31682166-22b6-4cfe-ae2e-4cff6a70ebd0,0.0316616 37.6927722 1346.199951171875 3.9000000953674316,2025-08-07T11:18:38.287Z,272,KPL16937-AYUB
128,2025-08-07T13:17:49.923+03:00,2025-08-07T14:10:34.779+03:00,collect:P1A1XiVEqZs5PrIc,"[36.8922412, -1.33848, 1620.0999755859375]",040010110432,TASA PHARMA,275506.0,116231762,NAIROBI,NAIROBI SOUTH,HOSPITALITY,AMR_METERING,20780624,20780624,21535869,21538091,21535877/21535823,21538094/21538044,Non,Non,,,,,,3P4W,1/1/,1500/5,1754563886956.jpg,1000/5,vt_ratio_1/1,y_n_no,ct_vt_match_yes,No,zera_test_done_no,,,,,,324.0,323.3,301.0,300.0,289.0,286.0,Load is matching clamp,m_n_clamp_currents_yes,14:03:00.000+03:00,14:03:00.000+03:00,2025-08-07,2025-08-07,7159858,7143071,1754564733787.jpg,1,1,1754564758380.jpg,238.0,261.0,221.7,241.6,5229626,5217122,1930236,1925948,0.0,0.0,243.0,243.0,243.0,296.0,251.0,267.0,0.93,Ok,solar_installation_no,,,Ok. C T seal 21538042,declaration_yes,uuid:e734b5b2-1527-475a-8017-20894659282c,-1.33848 36.8922412 1620.0999755859375 4.784999847412109,2025-08-07T11:10:55.902Z,274,KPL84512-KEEN
129,2025-08-07T13:29:51.013+03:00,2025-08-07T13:47:50.082+03:00,collect:RL8tYUKjMINfjjtf,"[36.8184882, -1.2839714, 1659]",008083146,Ktda,,20686539,NAIROBI,NAIROBI NORTH,MULTI_USE_OFFICE_COMPLEX,AMR_METERING,Metal plate ,Metal plate ,Kpl21915153,Kpl21915153,None ,None ,None ,None,None ,None ,Inbuilt in the busbar ,Inbuilt in the busbar ,None ,3P4W,1/1/,200/5,1754562904933.jpg,200/5,vt_ratio_1/1,y_n_no,ct_vt_match_yes,None ,zera_test_done_no,,,,,,12.0,12.0,10.0,10.0,10.0,10.0,"Poor, fluctuating currents",m_n_clamp_currents_yes,13:41:00.000+03:00,22:53:00.000+03:00,2025-08-07,2025-08-03,658575,657687,1754563343253.jpg,2284,2269,1754563495287.jpg,5.0,3.0,4.0,2.0,402609,402280,255965,255406,5.0,4.0,244.0,241.0,245.0,11.0,10.0,9.0,0.15,Okay ,solar_installation_no,,,Fluctuating currents and poor power  factor ,declaration_yes,uuid:e7cbc26b-6e24-40ff-87d5-31bbb7b615ff,-1.2839714 36.8184882 1659.0 72.9000015258789,2025-08-07T10:47:54.597Z,304,KPL18500-ELIJAH NJUE
130,2025-08-07T13:23:03.716+03:00,2025-08-07T13:45:11.640+03:00,collect:JQGpQ9QudT4BCxQW,"[34.732467, 0.0032333, 0]",40016116997,Amatsi Water Company Ltd ,640106.0,16401069,WEST_KENYA,VIHIGA,WATER_COMPANY,POLE_MOUNTED_ELEVATED,KPL21879194,KPL21879194,KPL21879102,Kpl21913390,KPL21879107,KPL21879107,KPL2187908,KPL21879174,Kpl21932007,Kpl21913316,,,,3P4W,1/1/,300/5,1754562920002.jpg,300/5,vt_ratio_1/1,y_n_yes,ct_vt_match_yes,No mismatch ,zera_test_done_no,,,,,,18.9,18.7,20.1,19.9,19.3,19.2,Load balanced.,m_n_clamp_currents_yes,13:37:00.000+03:00,13:16:00.000+03:00,2025-08-07,2025-08-07,1279592,1277005,1754563126641.jpg,0,0,1754563143741.jpg,53.0,55.0,48.0,51.0,660518,658873,619073,618131,,,255.0,256.0,254.0,18.6,19.6,18.9,0.942,Inspected ok,solar_installation_no,,,Okay ,declaration_yes,uuid:c911d4fc-e8bb-4f8f-8739-fc509d916a17,0.0032333 34.732467 0.0 500.0,2025-08-07T10:45:27.729Z,226,KPL18861-Eugene
131,2025-08-07T13:17:20.433+03:00,2025-08-07T13:36:59.651+03:00,collect:btwRkhG6ixoGvp8k,"[36.7888885, -1.273838, 1718.5999755859375]",040016110607,Quickmatt,13675533.0,153891534,NAIROBI,NAIROBI WEST,SUPERMARKET,GROUND_MOUNTED_ACCESSIBLE,2015,2015,21733586,21733586,21733511,21733511,2016,2016,21771022,21771077,,,None ,3P4W,1/1/,200/5,1754562522675.jpg,200/5,vt_ratio_1/1,y_n_yes,ct_vt_match_yes,None ,zera_test_done_no,,,,,,145.0,146.0,134.0,136.0,149.0,151.0,Okay ,m_n_clamp_currents_yes,13:30:00.000+03:00,07:51:00.000+03:00,2025-08-07,2025-07-14,3299459,3274070,1754562727727.jpg,6832,6832,1754562783059.jpg,114.0,116.0,108.0,112.0,1814383,1801763,1485078,1472306,,,227.0,230.0,228.0,137.0,133.0,144.0,0.9,Okay ,solar_installation_no,,,"Installation okay, time/date not correct ",declaration_yes,uuid:fc3fdfc7-a83e-4f1e-9e0a-6eaec0ff399e,-1.273838 36.7888885 1718.5999755859375 104.0999984741211,2025-08-07T10:37:00.957Z,219,KPL18417-RODGERS
132,2025-08-07T13:25:23.176+03:00,2025-08-07T13:32:12.983+03:00,collect:q46sji4dVyuz92mM,"[36.865594, -1.3281795, 1628.5999755859375]",040016110718,EAST AFRICA DATA CENTRE ,145298703.0,145298703,NAIROBI,NAIROBI SOUTH,MULTI_USE_OFFICE_COMPLEX,GROUND_MOUNTED_ACCESSIBLE,2014,2014,21543315,21543315,20332134,20332134,2014,2014,21540361,21537585,,,,3P4W,66000/110,100/1,1754562577127.jpg,100/1,vt_ratio_66000/110,y_n_no,ct_vt_match_yes,None,zera_test_done_no,,,,,,0.0,0.0,0.0,0.0,0.0,0.0,OK. No load ,m_n_clamp_currents_yes,13:30:00.000+03:00,13:30:00.000+03:00,2025-08-07,2025-08-07,11970690,11970690,1754562646872.jpg,2196,2196,1754562665524.jpg,0.0,0.0,0.0,0.0,5585694,5585694,6384996,6384996,,,38516.0,38549.0,35889.0,0.0,0.0,0.0,0.9,Ok,solar_installation_no,,,Ok,declaration_yes,uuid:561d7e33-f00c-4b49-8329-d4f8421afec3,-1.3281795 36.865594 1628.5999755859375 2.0,2025-08-07T10:32:14.290Z,277,KPL17260-ELLIS
133,2025-08-07T13:17:19.513+03:00,2025-08-07T13:28:54.936+03:00,collect:fF7ubNGUySONeT0M,"[36.8105249, -1.2298625, 1696.0999755859375]",040016110315,Nairobi water and sewerage ltd,531886.0,5318860,NAIROBI,NAIROBI NORTH,GOVT_PARASTATAL,POLE_MOUNTED_ACCESSIBLE,2014,2014,21040052,21807363,21025847/21025860,21025847/21025860,2014,2014,21040046,21807365,,,Na,3P4W,66000/110,50/5,1754562108696.jpg,50/5,vt_ratio_66000/110,y_n_no,ct_vt_match_yes,All okay,zera_test_done_yes,0.05,Passed test,0.36,Passed test,meter_pass_test_yes,12.8,12.8,13.3,13.4,12.9,13.0,Balanced,m_n_clamp_currents_yes,13:23:00.000+03:00,13:23:00.000+03:00,2025-08-07,2025-08-07,98561924,98250388,1754562289034.jpg,14417,14417,1754562322480.jpg,2250.0,2256.0,2184.0,2184.0,50048053,49902004,48513927,48348384,1.0,1.0,37956.0,37956.0,37958.0,12.8,13.0,13.3,0.96,Passed test,solar_installation_no,,,Installation inspected and no anomalies detected,declaration_yes,uuid:bf28bbcc-a5da-4e6f-95b8-37be8e2bc6b0,-1.2298625 36.8105249 1696.0999755859375 21.80500030517578,2025-08-07T10:28:55.330Z,271,KPL15735-OKWACH
134,2025-08-07T13:06:45.142+03:00,2025-08-07T13:27:24.561+03:00,collect:RL8tYUKjMINfjjtf,"[36.8184919, -1.2839739, 1659]",040013030976,KTDA AUTHORITY ,112979.0,112979,NAIROBI,NAIROBI NORTH,MULTI_USE_OFFICE_COMPLEX,AMR_METERING,Kplc20062036,Kplc20062036,Kpl21915326,Kpl21915326,None ,None ,None ,None ,None ,None ,In the busbar ,In the busbar,None ,3P4W,1/1/,100/5,1754561596529.jpg,100/5,vt_ratio_1/1,y_n_no,ct_vt_match_yes,None ,zera_test_done_no,,,,,,6.4,6.4,1.2,1.2,9.2,9.2,Okay ,m_n_clamp_currents_yes,13:15:00.000+03:00,13:15:00.000+03:00,2025-08-07,2025-08-07,548566,548145,1754562227932.jpg,0,0,1754562254329.jpg,9.0,9.0,9.0,9.0,469169,468846,79397,79299,9.0,9.0,244.0,239.0,242.0,6.0,1.2,11.5,98.0,Okay ,solar_installation_no,,,None ,declaration_yes,uuid:a1c6a5c1-5864-434f-914f-b79524289bca,-1.2839739 36.8184919 1659.0 87.5999984741211,2025-08-07T10:27:25.006Z,304,KPL18500-ELIJAH NJUE
135,2025-08-07T12:56:11.483+03:00,2025-08-07T13:24:38.800+03:00,collect:pv6IkcMuEpVFdPMO,"[40.1268067, -3.2306967, -19.899999618530273]",040016112439,Happy site management ltd,104407366.0,104407366,COAST,KILIFI,HOSPITAL,POLE_MOUNTED_ELEVATED,N/A,N/A,22115550,22115550,20634278,20634278,2015,2015,22217882,22217831,,,None,3P4W,1/1/,200/5,1754561167454.jpg,200/5,vt_ratio_1/1,y_n_yes,ct_vt_match_yes,No mismatch,zera_test_done_no,,,,,,3.7,3.7,0.9,0.9,13.0,13.0,Not balanced,m_n_clamp_currents_yes,13:11:00.000+03:00,13:20:00.000+03:00,2025-08-07,2025-08-07,404205,403137,1754561625870.jpg,0,0,1754561645972.jpg,16.16,13.2,15.8,13.16,203104,202549,201101,200587,14.8,14.6,253.0,252.0,247.0,4.16,0.8,13.36,0.96,Okay,solar_installation_no,,,Meter and installation found okay. Loads,declaration_yes,uuid:30c54f83-f7c3-4c4b-a31f-fc7c6f7c2a0f,-3.2306967 40.1268067 -19.899999618530273 4.0,2025-08-07T10:24:39.585Z,245,KPL15750-OYARO
136,2025-08-07T13:09:42.242+03:00,2025-08-07T13:20:43.124+03:00,collect:q46sji4dVyuz92mM,"[36.8655803, -1.3281396, 1628.5999755859375]",040016110711,EAST AFRICA DATA CENTRE ,145291670.0,145291670,NAIROBI,NAIROBI SOUTH,MULTI_USE_OFFICE_COMPLEX,GROUND_MOUNTED_ACCESSIBLE,2014,2014,21543321,21543321,20542122,21537584,2014,2014,21540365,21537583,,,,3P4W,66000/110,100/1,1754561803768.jpg,100/1,vt_ratio_66000/110,y_n_no,ct_vt_match_yes,None,zera_test_done_yes,0.085,Ok,0.084,Ok,meter_pass_test_yes,12.0,12.0,13.0,13.0,13.0,13.0,Ok,m_n_clamp_currents_yes,13:17:00.000+03:00,13:17:00.000+03:00,2025-08-07,2025-08-07,90264336,89980578,1754561903098.jpg,26196,26196,1754561924923.jpg,2040.0,2040.0,1980.0,2040.0,43726338,43593414,46538034,46387164,,,38838.0,38856.0,38815.0,12.0,13.0,12.0,1.0,Ok,solar_installation_no,,,Ok,declaration_yes,uuid:bc3d2286-eb30-4c84-82fb-a2178df2ec7e,-1.3281396 36.8655803 1628.5999755859375 4.804999828338623,2025-08-07T10:20:44.747Z,277,KPL17260-ELLIS
137,2025-08-07T13:04:03.415+03:00,2025-08-07T13:20:06.520+03:00,collect:4Nk1RseRuV2BJHir,"[36.7812827, -1.2644086, 1715.699951171875]",040016110774,Phase 2 Andrews Apartment ,2602718.0,26027185,NAIROBI,NAIROBI WEST,HOSPITALITY,GROUND_MOUNTED_ACCESSIBLE,2015,2015,Kp21048218,Same as b4 ,Kp2076423/232,Same as b4 ,2015,2015,Kp2173050,Kpl21777168,,,,3P4W,1/1/,300/5,1754561458003.jpg,300/5,vt_ratio_1/1,y_n_yes,ct_vt_match_yes,Ok ,zera_test_done_no,,,,,,25.0,25.0,50.0,50.0,29.0,29.0,Slight load imbalance ,m_n_clamp_currents_yes,13:14:00.000+03:00,13:14:00.000+03:00,2025-08-07,2025-08-07,1614833,16112627,1754561737089.jpg,0,0,1754561762582.jpg,31.0,32.0,29.0,32.0,877958,876686,736875,735940,,,240.0,242.0,240.0,18.0,23.0,29.0,0.98,OK,solar_installation_no,,,Metering ok ,declaration_yes,uuid:4ead5d3f-2df5-4dec-9bcf-5e84be635981,-1.2644086 36.7812827 1715.699951171875 18.604000091552734,2025-08-07T10:20:09.845Z,270,KPL16289-MWITI
138,2025-08-07T09:47:43.729+03:00,2025-08-07T13:18:40.301+03:00,collect:Txc2FuXhwphk2M0a,"[36.8153836, -1.2735923, 1664.699951171875]",040016113679,Museum of kenya,5304290.0,5304290,NAIROBI,NAIROBI NORTH,HOSPITALITY,GROUND_MOUNTED_ACCESSIBLE,2015,2015,20758438,As above ,21028968,As above ,2015,2015,21915137,21916950,,,None ,3P4W,1/1/,500/5,1754561355126.jpg,500/5,vt_ratio_1/1,y_n_yes,ct_vt_match_yes,Ok,zera_test_done_no,,,,,,145.0,145.0,138.0,138.0,130.0,130.0,Ok,m_n_clamp_currents_yes,13:12:00.000+03:00,13:12:00.000+03:00,2025-08-07,2025-08-07,4584936,4576608,1754561665119.jpg,41,41,1754561701280.jpg,113.0,120.0,113.0,119.0,3040452,3034744,1544486,1541863,113.0,113.0,246.0,247.0,246.0,145.0,138.0,130.0,0.99,Ok,solar_installation_no,,,Okay ,declaration_yes,uuid:7756a14a-8cdc-4614-9e98-20820b1fabd9,-1.2735923 36.8153836 1664.699951171875 8.399999618530273,2025-08-07T10:18:42.121Z,241,KPL15731-mulandi
139,2025-08-07T12:59:20.833+03:00,2025-08-07T13:11:01.540+03:00,collect:g4DxhKlaEMmm7HuE,"[36.8133534, -1.2935904, 1683.6999999999998]",040016118262,THE REGISTRAR HIGH COURT OF KENYA,32774.0,327748,NAIROBI,NAIROBI WEST,GOVT_PARASTATAL,GROUND_MOUNTED_ACCESSIBLE,Metallic ,Maintain ,Kpl21740965,Maintain ,Kpl21740918,Maintain ,000144/136,Maintain ,Kpl21740999,Kpl21803038,,,,3P4W,1/1/,300/5,1754561011611.jpg,300/5,vt_ratio_1/1,y_n_no,ct_vt_match_yes,No mismatch ,zera_test_done_no,,,,,,29.0,29.0,30.0,30.0,64.0,64.0,Load balancing oky,m_n_clamp_currents_yes,13:06:00.000+03:00,12:44:00.000+03:00,2025-08-07,2025-08-07,753856,751549,1754561237330.jpg,0,0,1754561255680.jpg,44.0,55.0,41.5,53.0,486696,485122,267160,266426,,,245.0,245.0,244.0,30.0,30.0,77.0,0.908,No load balancing ,solar_installation_no,,,Installation is oky but needs load balancing ,declaration_yes,uuid:25dedd7e-1d7f-4e70-b906-57d3885f3c19,-1.2935904 36.8133534 1683.6999999999998 9.100000381469727,2025-08-07T10:11:02.857Z,237,KPL19742-Muguthi
140,2025-08-07T12:22:09.524+03:00,2025-08-07T13:02:20.959+03:00,collect:RwyiURSXoLGr5JA8,"[36.8936831, -1.3374375, 1620.4000244140625]",040008082174,Achelis,2028303.0,146783994,NAIROBI,NAIROBI SOUTH,SERVICE,AMR_METERING,20794610,20794610,21535883,21539993,21535805,21535867,None,None,N/A,N/A,21535879/20,21539959/21540943,None,3P4W,1/1/,1500/5,1754560275862.jpg,1500/5,vt_ratio_1/1,y_n_no,ct_vt_match_yes,No,zera_test_done_no,,,,,,100.0,102.0,102.0,101.0,103.0,103.0,Balanced,m_n_clamp_currents_yes,12:55:00.000+03:00,12:55:00.000+03:00,2025-08-07,2025-08-07,3060441,3059888,1754560576120.jpg,1,1,1754560674077.jpg,131.4,190.0,105.8,147.5,1744229,1743776,1316213,1316112,0.0,0.0,246.0,246.0,246.0,43.0,50.0,39.0,0.9,Okay,solar_installation_no,,,Okay,declaration_yes,uuid:479a8ef8-6b58-410a-b31b-499a9113155e,-1.3374375 36.8936831 1620.4000244140625 23.961999893188477,2025-08-07T10:02:37.202Z,201,KPL12141-JANET
141,2025-08-07T12:35:38.455+03:00,2025-08-07T12:58:15.848+03:00,collect:g4DxhKlaEMmm7HuE,"[36.8137557, -1.2931488, 0]",040016115017,MADISON INSURANCE CO LTD,530223.0,5302237,NAIROBI,NAIROBI WEST,MULTI_USE_OFFICE_COMPLEX,GROUND_MOUNTED_ACCESSIBLE,Metallic ,Maintain ,Kpl21740948,Maintain ,Kpl21740971,Maintain ,Metallic ,Maintain ,Kpl21740951,Kpl21803034,,,,3P4W,1/1/,200/5,1754559675124.jpg,200/5,vt_ratio_1/1,y_n_no,ct_vt_match_yes,No mismatch ,zera_test_done_no,,,,,,103.0,103.0,28.0,28.0,62.0,62.0,Load balancing oky,m_n_clamp_currents_yes,12:43:00.000+03:00,12:36:00.000+03:00,2025-08-07,2025-08-07,2452390,2447899,1754559851946.jpg,0,0,1754559883152.jpg,68.0,72.0,68.0,72.0,1597368,1594417,855023,853481,,,244.0,245.0,243.0,85.0,29.0,68.0,0.987,Oky,solar_installation_no,,,"Installation is oky
It's supplied by a 630kva GMT
the GMT has 1 incoming ht underground cable and 1 lv circuit",declaration_yes,uuid:37ba9a44-ab0d-4c7e-91f0-f205ad9bd786,-1.2931488 36.8137557 0.0 100.0,2025-08-07T09:58:17.278Z,237,KPL19742-Muguthi
142,2025-08-07T12:34:26.025+03:00,2025-08-07T12:52:12.962+03:00,collect:pv6IkcMuEpVFdPMO,"[40.1265067, -3.23026, -19.899999618530273]",040016115382,Ippolito Giusseppantonio,13423314.0,13423314,COAST,KILIFI,HOSPITALITY,POLE_MOUNTED_ELEVATED,N/A,N/A,22214943,22214943,N/A,N/A,N/A,N/A,22217881,22217828,,,None,3P4W,1/1/,1/1,1754559924977.jpg,1/1,vt_ratio_1/1,y_n_no,ct_vt_match_yes,No mismatch,zera_test_done_no,,,,,,0.0,0.0,0.0,0.0,0.0,0.0,No load,m_n_clamp_currents_yes,21:01:00.000+03:00,12:46:00.000+03:00,2025-08-07,2023-02-17,0,0,1754560173384.jpg,0,0,1754560195193.jpg,0.0,0.0,0.0,0.0,0,0,0,0,0.0,0.0,250.0,251.0,246.0,0.0,0.0,0.0,1.0,Zero readings,solar_installation_no,,,Meter and installation found okay. Idle meter,declaration_yes,uuid:d5be9888-9011-4a58-bfdd-c801394fac0b,-3.23026 40.1265067 -19.899999618530273 8.5,2025-08-07T09:52:14.242Z,245,KPL15750-OYARO
143,2025-08-07T12:24:41.343+03:00,2025-08-07T12:50:10.259+03:00,collect:4Nk1RseRuV2BJHir,"[36.784329, -1.2622634, 1725.2392113826838]",040016118789,Thank brothers ltd,11991930.0,130328099,NAIROBI,NAIROBI WEST,MULTI_USE_OFFICE_COMPLEX,GROUND_MOUNTED_ACCESSIBLE,2019,Same as b4 ,Kp21027215,Same as b4 ,None ,None ,001425/50,Same as b4 ,Kpl21731741,Kpl21806437,,,None ,3P4W,1/1/,300/5,1754559617200.jpg,300/5,vt_ratio_1/1,y_n_yes,ct_vt_match_yes,Ok,zera_test_done_no,,,,,,41.9,42.0,47.0,47.0,21.0,21.0,Ok,m_n_clamp_currents_yes,12:42:00.000+03:00,12:42:00.000+03:00,2025-08-07,2025-08-07,369003,366877,1754559838572.jpg,0,0,1754559869720.jpg,29.0,32.0,29.0,32.0,241572,240174,127413,126702,,,246.0,246.0,247.0,45.0,43.0,22.0,1.0,Ok,solar_installation_no,,,Metering ok ,declaration_yes,uuid:49ba8baa-97b5-4e1d-a65a-872bb6eb8fa8,-1.2622634 36.784329 1725.2392113826838 13.809000015258789,2025-08-07T09:50:11.399Z,270,KPL16289-MWITI
144,2025-08-07T12:29:49.116+03:00,2025-08-07T12:45:07.113+03:00,collect:cwH91UmnSiSO86W0,"[36.7673053, -1.3908858, 0]",040016118252,Quick mart Ltd,,115440851,NAIROBI,KAJIADO,SUPERMARKET,GROUND_MOUNTED_ACCESSIBLE,N/a,N/a,Kpl21743281,Same as,Kpl21743261,Same as ,000123/000102,Same as,Kpl21833948,Kpl21708217,,,N/a,3P4W,1/1/,300/5,1754559392787.jpg,300/5,vt_ratio_1/1,y_n_yes,ct_vt_match_yes,No,zera_test_done_no,,,,,,79.68,79.58,83.28,83.26,104.34,104.37,Ok,m_n_clamp_currents_yes,12:39:00.000+03:00,12:39:00.000+03:00,2025-08-07,2025-08-07,2655056,2647540,1754559869022.jpg,0,0,1754559791356.jpg,87.0,85.0,86.0,84.0,1639251,1634721,1015802,1012819,0.0,0.0,240.0,241.0,238.0,87.6,87.7,111.7,0.99,Installation okey ,solar_installation_no,,,Installation okey ,declaration_yes,uuid:78f4a69e-6877-4016-90ae-559bca951cfe,-1.3908858 36.7673053 0.0 100.0,2025-08-07T09:46:14.283Z,234,KPL51649-JORAM
145,2025-08-07T12:34:11.649+03:00,2025-08-07T12:46:02.155+03:00,collect:1K0xDI7PpqUytdma,"[37.7405083, -0.01445, 1154]",040017117646,Trans Africa ltd ,,91076414,MOUNT_KENYA,MERU,MINING,GROUND_MOUNTED_ELEVATED,None,None,None ,None ,None,None,None,None,None ,None,,,,3P4W,1/1/,500/5,1754559594725.jpg,500/5,vt_ratio_1/1,y_n_yes,ct_vt_match_yes,No mismatch ,zera_test_done_no,,,,,,0.0,0.0,0.0,0.0,0.0,0.0,Vacated and Locked premise,m_n_clamp_currents_yes,12:41:00.000+03:00,12:41:00.000+03:00,2025-08-07,2025-08-07,0,0,1754559758514.jpg,0,0,1754559774306.jpg,0.0,0.0,0.0,0.0,0,0,0,0,0.0,0.0,0.0,0.0,0.0,0.0,0.0,0.0,0.0,Locked premise and vacated,solar_installation_no,,,Customer premise locked and vacated . several visits were done and nobody found on site,declaration_yes,uuid:9f384044-521b-499e-adf9-4ef2f301fab8,-0.01445 37.7405083 1154.0 1.350000023841858,2025-08-07T09:46:10.726Z,272,KPL16937-AYUB
146,2025-08-07T11:54:48.648+03:00,2025-08-07T12:31:22.330+03:00,collect:RL8tYUKjMINfjjtf,"[36.8177935, -1.2863836, 0]",040016114198,White rose dry cleaner ,5300561.0,5300561,NAIROBI,NAIROBI NORTH,SERVICE,GROUND_MOUNTED_ACCESSIBLE,Metal plate,Metal plate,Kpl21537123,Kpl21537123,Kpl20758360,Kpl20758360,Metal plate ,Metal plate ,Kpl21537106,Kpl21875103,,,None ,3P4W,1/1/,200/5,1754558347136.jpg,200/5,vt_ratio_1/1,y_n_no,ct_vt_match_yes,None ,zera_test_done_no,,,,,,53.0,53.0,65.0,65.0,56.0,56.0,Okay ,m_n_clamp_currents_yes,12:25:00.000+03:00,12:25:00.000+03:00,2025-08-07,2025-08-07,1017161,1014886,1754558817808.jpg,3,3,1754558862387.jpg,66.0,73.0,65.0,71.0,989410,987177,27753,27709,66.0,65.0,247.0,244.0,249.0,59.0,97.0,110.0,0.89,Okay ,solar_installation_no,,,None ,declaration_yes,uuid:402495ee-005d-4c3b-a466-48e2f1ea06e2,-1.2863836 36.8177935 0.0 1000.0,2025-08-07T09:31:22.363Z,304,KPL18500-ELIJAH NJUE
147,2025-08-07T11:25:26.214+03:00,2025-08-07T12:28:58.940+03:00,collect:BOOsp9s0hgL4BCg1,"[38.3052085, -2.5316706, 0]",040013030907,SUBATI FLOWERS,,74420330,NAIROBI,MAKUENI,AGRIBUSINESS,AMR_METERING,20850660,Kp20850660,20337428,Kpl215339447,Na,Na,Kplc20337456,Kpl20337456,,,Kplc20334234...20334210,Kpl21539405..kpl21539419,,3P4W,1/1/,500/5,1754558271618.jpg,500/5,vt_ratio_1/1,y_n_no,ct_vt_match_yes,No mismatch ,zera_test_done_no,,,,,,271.0,-271.0,217.0,217.0,180.0,-180.0,Not balanced ,m_n_clamp_currents_no,12:21:00.000+03:00,12:21:00.000+03:00,2025-08-07,2025-08-07,1909063,1908873,1754558543579.jpg,2307,2306,1754558571362.jpg,24.0,26.0,23.0,25.0,1077112,1076928,831951,831946,,,252.0,258.0,250.0,-189.0,213.0,-182.0,0.9,2 phases reversing ,solar_installation_yes,,,R phase and y phase reversing. I propose zera test be done and smart meter to be installed ,declaration_yes,uuid:913887ac-e190-43ef-a9e8-07bdd4a9f9da,-2.5316706 38.3052085 0.0 2299.9990234375,2025-08-07T09:29:36.730Z,253,KPL17162-Njaramba
148,2025-08-07T12:00:57.448+03:00,2025-08-07T12:17:29.019+03:00,collect:4Nk1RseRuV2BJHir,"[36.7862092, -1.2624832, 1724.507465118876]",040016115641,Baptist mission of k,11632.0,116325,NAIROBI,NAIROBI WEST,HOSPITALITY,GROUND_MOUNTED_ACCESSIBLE,Kp21740434,Same as b4 ,Kpl21741025,Same as b4 ,None ,None ,None,None,Kpl21741054,Same as b4 ,,,Kpl21741035 module seal,3P4W,1/1/,1/1,1754557585194.jpg,1/1,vt_ratio_1/1,y_n_yes,ct_vt_match_yes,Ok,zera_test_done_no,,,,,,3.7,4.0,24.3,24.0,8.8,8.77,Load not balanced yellow phase carrying most of the load,m_n_clamp_currents_yes,12:10:00.000+03:00,12:10:00.000+03:00,2025-08-07,2025-08-07,399676,398292,1754558222133.jpg,16027,16027,1754557914619.jpg,30.0,34.0,30.0,34.0,245272,244379,154403,153912,29.0,29.0,240.0,235.0,240.0,4.6,46.0,18.0,0.98,Ok,solar_installation_no,,,Metering ok ,declaration_yes,uuid:64555481-6b2b-49db-aeb9-64f9957dcfe4,-1.2624832 36.7862092 1724.507465118876 10.015000343322754,2025-08-07T09:17:29.476Z,270,KPL16289-MWITI
149,2025-08-07T11:45:17.554+03:00,2025-08-07T12:17:17.549+03:00,collect:qGIrdqXTIQFhnqze,"[36.8935499, -1.3375037, 1649.7]",040016118861,Elecster,10269387.0,106722418,NAIROBI,NAIROBI SOUTH,SERVICE,GROUND_MOUNTED_ACCESSIBLE,2019,2019,21487283,21539936,none,None,001404/001416,001404/001416,21487260,21539984,,,None,3P4W,1/1/,500/5,1754557423395.jpg,500/5,vt_ratio_1/1,y_n_no,ct_vt_match_yes,No,zera_test_done_no,,,,,,120.0,102.0,95.0,90.5,86.5,93.0,Not balanced,m_n_clamp_currents_yes,12:08:00.000+03:00,12:08:00.000+03:00,2025-08-07,2025-08-07,999704,99918,1754557805299.jpg,0,0,1754557851930.jpg,78.3,81.0,77.9,75.0,757302,756836,242406,242345,102.0,105.0,107.0,240.0,239.0,142.0,129.0,112.0,0.99,Okay,solar_installation_no,,,Okay no incidence,declaration_yes,uuid:a60e7d5a-20f4-4b87-b23c-ecc5d10f18fd,-1.3375037 36.8935499 1649.7 5.480000019073486,2025-08-07T09:17:19.211Z,273,KPL86480-MULWA
150,2025-08-07T11:41:15.749+03:00,2025-08-07T12:10:05.662+03:00,collect:1K0xDI7PpqUytdma,"[37.728447, -0.0141265, 1187.6]",040016119437,Gilcrest investment ,,139765580,MOUNT_KENYA,MERU,MINING,GROUND_MOUNTED_ELEVATED,2021,2021,20960448,22322227,Not installed ,Not installed ,21425582,21425582,20983087,22322232,,,,3P4W,1/1/,500/5,1754557203409.jpg,500/5,vt_ratio_1/1,y_n_yes,ct_vt_match_yes,No mismatch,zera_test_done_no,,,,,,0.0,0.0,0.0,0.0,0.0,0.0,No load ,m_n_clamp_currents_yes,12:03:00.000+03:00,12:03:00.000+03:00,2025-08-07,2025-08-07,364671,364302,1754557504851.jpg,0,0,1754557526511.jpg,74.0,110.0,70.0,105.0,272318,271982,92353,92319,,,239.0,243.0,240.0,0.0,0.0,0.0,1.0,Not on load,solar_installation_no,,,None,declaration_yes,uuid:e5649bf8-979f-4e0b-9aa3-74daa7266ef5,-0.0141265 37.728447 1187.6 2.4000000953674316,2025-08-07T09:10:07.541Z,272,KPL16937-AYUB
151,2025-08-07T11:38:07.605+03:00,2025-08-07T11:55:42.535+03:00,collect:fF7ubNGUySONeT0M,"[36.7952642, -1.2079207, 1722.199951171875]",040016110723,Two rivers mall,6362588.0,63625883,NAIROBI,NAIROBI NORTH,SHOPPING_MALL,POLE_MOUNTED_ACCESSIBLE,2015,2015,21048801,21807380,21918963,21807362,2015,2015,21918935,21807338,,,Na,3P4W,66000/110,400/1,1754556427429.jpg,400/1,vt_ratio_66000/110,y_n_no,ct_vt_match_yes,Na,zera_test_done_yes,0.2,Test passed,0.2,Passed test,meter_pass_test_yes,15.3,15.3,15.1,15.1,14.3,14.3,Balanced,m_n_clamp_currents_yes,11:49:00.000+03:00,11:49:00.000+03:00,2025-08-07,2025-08-07,86078112,85874376,1754556626977.jpg,0,0,1754556649761.jpg,1920.0,1920.0,1920.0,1920.0,47378448,47262552,38699712,38611824,1.0,1.0,38772.0,38658.0,38724.0,15.2,15.1,15.3,1.0,Installation tested. Results okay,solar_installation_yes,2MVA,2020-08-01,None,declaration_yes,uuid:87f6edeb-d0fe-4f4d-a539-98a127682944,-1.2079207 36.7952642 1722.199951171875 16.783000946044922,2025-08-07T08:55:43.212Z,271,KPL15735-OKWACH
152,2025-08-07T11:34:50.728+03:00,2025-08-07T11:51:42.089+03:00,collect:q46sji4dVyuz92mM,"[36.874359, -1.3178594, 1611.800048828125]",040016110324,ACCURATE STEEL MILLS ,532123.0,5321237,NAIROBI,NAIROBI SOUTH,MANUFACTURING,GROUND_MOUNTED_ACCESSIBLE,2014,2014,20944340,20944340,20924432,21537582,2014,2014,20940787,21537581,,,None,3P4W,66000/110,100/1,1754556132890.jpg,100/1,vt_ratio_11000/110,y_n_no,ct_vt_match_yes,None,zera_test_done_yes,0.087,Ok,0.087,Okay ,meter_pass_test_yes,80.0,80.0,81.0,81.0,82.0,82.0,Okay ,m_n_clamp_currents_yes,11:48:00.000+03:00,11:48:00.000+03:00,2025-08-07,2025-08-07,32504000,32426400,1754556530686.jpg,1452,1452,1754556552107.jpg,12180.0,12240.0,11460.0,11520.0,19716600,19662300,12787400,12764100,,,38784.0,38712.0,38756.0,80.0,81.0,80.0,0.9,Ok,solar_installation_no,,,None ,declaration_yes,uuid:61950809-8bbb-47b0-a209-6fe5b309f83a,-1.3178594 36.874359 1611.800048828125 1.5,2025-08-07T08:51:43.492Z,277,KPL17260-ELLIS
153,2025-08-07T11:36:52.483+03:00,2025-08-07T11:48:23.467+03:00,collect:g4DxhKlaEMmm7HuE,"[36.8161111, -1.2917538, 0]",040016117281,AFYA HOUSE HEADQUARTERS,530220.0,5302203,NAIROBI,NAIROBI WEST,GOVT_PARASTATAL,GROUND_MOUNTED_ACCESSIBLE,Metallic ,Maintain ,Kp20896499/kpl21785767,Maintain ,Kp20723841,Maintain ,Metallic ,Maintain ,Kp21028459,Kpl21803005,,,,3P4W,1/1/,500/5,1754556122496.jpg,500/5,vt_ratio_1/1,y_n_no,ct_vt_match_no,No mismatch ,zera_test_done_no,,,,,,140.0,141.0,152.0,152.0,132.0,132.0,Load balancing oky,m_n_clamp_currents_yes,11:43:00.000+03:00,11:22:00.000+03:00,2025-08-07,2025-08-07,4983713,4974798,1754556289676.jpg,0,0,1754556308116.jpg,119.0,125.0,117.0,120.0,3118500,3112874,1865214,1861924,,,249.0,247.0,250.0,126.0,133.0,114.0,0.975,Currents and voltages are oky and stable ,solar_installation_no,,,Installation is oky.its powered by a 800kva GMT which has 2 lv outgoing and supplied by 1 ht underground cable.its have small fuel leakage,declaration_yes,uuid:17d03dae-5563-4e53-86c9-26b891f0626d,-1.2917538 36.8161111 0.0 899.9990234375,2025-08-07T08:48:24.791Z,237,KPL19742-Muguthi
154,2025-08-07T11:23:19.630+03:00,2025-08-07T11:46:52.368+03:00,collect:JQGpQ9QudT4BCxQW,"[34.8418932, 0.1259402, 0]",40016118794,Amatsi Water Company Ltd,1002745.0,100274521,WEST_KENYA,VIHIGA,WATER_COMPANY,POLE_MOUNTED_ELEVATED,2015,2015,"Kp20702232,",Kpl21913315,NA,NA,"1368,1362","1368,1362",Kpl21932072,Kpl21913400,,,,3P4W,1/1/,500/5,1754555683064.jpg,500/5,vt_ratio_1/1,y_n_yes,ct_vt_match_yes,No mismatch ,zera_test_done_no,,,,,,68.8,68.6,83.7,83.5,76.4,76.3,Load balanced,m_n_clamp_currents_yes,11:38:00.000+03:00,11:38:00.000+03:00,2025-08-07,2025-08-07,890655,887269,1754556045526.jpg,0,0,1754556026811.jpg,79.0,86.0,78.0,85.0,560645,558411,330010,328857,,,238.0,241.0,239.0,71.0,85.0,75.0,0.987,Inspected ,solar_installation_yes,70kw,2021-08-07,Okay ,declaration_yes,uuid:5bf3a1a8-8be0-4254-a741-e9fa8f905717,0.1259402 34.8418932 0.0 500.0,2025-08-07T08:47:07.138Z,226,KPL18861-Eugene
155,2025-08-07T10:39:05.649+03:00,2025-08-07T11:42:18.184+03:00,collect:LXAedgeOP2YuJsTh,"[36.8528003, -1.3085326, 1630.5999755859375]",040008082845,Kenya marble,531170.0,5311709,NAIROBI,NAIROBI SOUTH,SERVICE,AMR_METERING,20794637,20794637,21539626,21539626,21539644,21539644,20NM,20NM,N/A,N/A,21539618/21539686,21538781/21538717,,3P4W,1/1/,500/5,1754552858879.jpg,500/5,vt_ratio_1/1,y_n_no,ct_vt_match_yes,No,zera_test_done_no,,,,,,7.0,7.0,7.0,7.0,7.0,7.0,Ok,m_n_clamp_currents_yes,10:56:00.000+03:00,10:56:00.000+03:00,2025-08-07,2025-08-07,4004630,4004598,1754553473719.jpg,8,8,1754553684138.jpg,10.0,17.0,5.0,12.0,2733893,2733868,1270736,1270730,,,248.0,248.0,247.0,7.0,7.0,7.0,0.6,Ok,solar_installation_no,,,"Installation ok
Customer relocated to kajiado
Inspected by Florence,Nashon,Onesmus",declaration_yes,uuid:a3991c56-f4a9-4224-a62d-f4672e99195b,-1.3085326 36.8528003 1630.5999755859375 156.0030059814453,2025-08-07T08:42:20.649Z,276,KPL19864-NASHON
156,2025-08-07T11:26:59.270+03:00,2025-08-07T11:42:05.893+03:00,collect:3eJvzIu4Vo5l9Fbu,"[36.8335997, -1.3240113, 1648.800048828125]",040013030116,Ministry of energy ,,4135978,NAIROBI,NAIROBI WEST,GOVT_PARASTATAL,GROUND_MOUNTED_ACCESSIBLE,,,21803715,21807155,,,,,,,,,,3P4W,1/1/,200/5,1754555349657.jpg,200/5,vt_ratio_1/1,y_n_no,ct_vt_match_yes,None ,zera_test_done_no,,,,,,106.0,106.0,72.0,72.0,65.0,65.0,No,m_n_clamp_currents_yes,11:31:00.000+03:00,11:31:00.000+03:00,2025-08-07,2025-08-07,1170239,1166663,1754555648925.jpg,499,499,1754555683604.jpg,63.0,75.0,62.0,75.0,865074,862282,305167,304380,50.0,54.0,242.0,243.0,243.0,86.0,69.0,71.0,0.982,Okay ,solar_installation_no,,,Replace with advanced meter ,declaration_yes,uuid:b0eb4929-8796-4ca6-9f21-05b00d5191ac,-1.3240113 36.8335997 1648.800048828125 100.0,2025-08-07T08:42:07.399Z,283,KPL85008-GABRIEL
157,2025-08-07T11:19:55.928+03:00,2025-08-07T11:34:41.668+03:00,collect:g4DxhKlaEMmm7HuE,"[36.81484, -1.29151, 1635]",040016117256,MIN OF AGRI. LIVESTOCK/MARKET,530219.0,5302195,NAIROBI,NAIROBI WEST,GOVT_PARASTATAL,GROUND_MOUNTED_ACCESSIBLE,Metallic ,Maintain ,Kpl21785749/kp20896415,Maintain ,Kp20723858,Maintain ,Metallic ,Maintain ,Kpl21740997,Kpl21803039,,,Kp20723889/23830/35945,3P4W,1/1/,500/5,1754555157370.jpg,500/5,vt_ratio_1/1,y_n_no,ct_vt_match_yes,No mismatch ,zera_test_done_no,,,,,,117.0,117.0,175.0,175.0,118.0,118.0,Load balancing is observed ,m_n_clamp_currents_yes,11:28:00.000+03:00,11:06:00.000+03:00,2025-08-07,2025-08-07,3094727,3088269,1754555347603.jpg,0,0,1754555372469.jpg,119.0,124.0,118.0,124.0,2152084,2147340,942646,940928,,,248.0,246.0,248.0,116.0,159.0,111.0,0.997,Currents and voltages are oky and stable ,solar_installation_no,,,"Installation is oky.
It's supplied by a 800kwa GMT which is supplied by 1 ht cable and having 2 lv circuits on lv side.
Tx is leaking fuel",declaration_yes,uuid:768821e6-5325-486b-a6ad-f70d6447a5e0,-1.29151 36.81484 1635.0 11.100000381469727,2025-08-07T08:34:43.042Z,237,KPL19742-Muguthi
158,2025-08-07T11:11:29.729+03:00,2025-08-07T11:31:23.468+03:00,collect:4Nk1RseRuV2BJHir,"[36.7883286, -1.2618687, 1722.5999755859375]",040016119828,Wasini resorts ltd,2564997.0,25649971,NAIROBI,NAIROBI WEST,HOSPITALITY,GROUND_MOUNTED_ACCESSIBLE,Kpl21741096,Same as b4 ,Kp21046082,Same as b4 ,None ,None ,21425945/21426003,Same as b4 ,Kpl21741036,Kpl21806482,,,None ,3P4W,1/1/,200/5,1754554852947.jpg,200/5,vt_ratio_1/1,y_n_yes,ct_vt_match_yes,No mismatch,zera_test_done_no,,,,,,68.0,67.0,45.0,45.0,65.5,64.68,Ok,m_n_clamp_currents_yes,11:24:00.000+03:00,11:24:00.000+03:00,2025-08-07,2025-08-07,648276,644121,1754555147207.jpg,0,0,1754555164788.jpg,65.0,72.0,65.0,72.0,375059,372623,273218,271497,65.0,65.0,236.0,231.0,232.0,25.0,47.0,58.0,0.99,Reading 0k,solar_installation_no,,,Metering ok ,declaration_yes,uuid:07ec67e6-6380-4f8c-9b43-adb95f75d887,-1.2618687 36.7883286 1722.5999755859375 174.14500427246094,2025-08-07T08:31:24.779Z,270,KPL16289-MWITI
159,2025-08-07T11:17:12.151+03:00,2025-08-07T11:26:17.238+03:00,collect:3eJvzIu4Vo5l9Fbu,"[36.8326393, -1.3247254, 1648.800048828125]",040013031490,Ministry of energy ,,4135984,NAIROBI,NAIROBI WEST,GOVT_PARASTATAL,AMR_METERING,,,21036446,21807163,,,,,,,,,,3P4W,1/1/,200/5,1754554838221.jpg,200/5,vt_ratio_1/1,y_n_no,ct_vt_match_yes,None ,zera_test_done_no,,,,,,24.0,24.0,22.0,22.0,19.0,19.0,Okay ,m_n_clamp_currents_yes,11:21:00.000+03:00,11:21:00.000+03:00,2025-08-07,2025-08-07,1015499,1014555,1754554922038.jpg,0,0,1754554967812.jpg,16.0,16.0,14.0,13.0,609475,608858,406024,405697,,,240.0,242.0,241.0,24.0,22.0,19.0,0.888,Okay ,solar_installation_no,,,Installation ,declaration_yes,uuid:eaaca459-df90-4209-9ef7-d98b5c19b27c,-1.3247254 36.8326393 1648.800048828125 44.03099822998047,2025-08-07T08:26:22.852Z,283,KPL85008-GABRIEL
160,2025-08-07T11:02:17.983+03:00,2025-08-07T11:20:48.940+03:00,collect:btwRkhG6ixoGvp8k,"[36.7726924, -1.2864122, 1761.300048828125]",040016113995,Exeter apartment,10541812.0,110087384,NAIROBI,NAIROBI WEST,RESIDENTIAL_PREMISES,GROUND_MOUNTED_ACCESSIBLE,20099690,20099690,21801083,21771070,None,None,2015,2015,21771085,21771005,,,None ,3P4W,1/1/,500/5,1754554250075.jpg,500/5,vt_ratio_1/1,y_n_yes,ct_vt_match_yes,None ,zera_test_done_no,,,,,,24.0,23.0,22.0,22.0,36.0,37.0,Okay ,m_n_clamp_currents_yes,11:14:00.000+03:00,11:14:00.000+03:00,2025-08-07,2025-08-07,8593252,8587940,1754554529592.jpg,13,13,1754554603395.jpg,71.0,77.0,71.0,77.0,4996218,4993277,3597035,3594662,71.0,71.0,239.0,240.0,240.0,30.0,45.0,27.0,0.99,Okay ,solar_installation_no,,,Installation okay ,declaration_yes,uuid:76d977fc-3422-4b00-b42f-7f773dfb1254,-1.2864122 36.7726924 1761.300048828125 100.0,2025-08-07T08:20:50.294Z,219,KPL18417-RODGERS
161,2025-08-07T11:07:43.011+03:00,2025-08-07T11:17:04.436+03:00,collect:3eJvzIu4Vo5l9Fbu,"[36.8331164, -1.3243697, 1648.800048828125]",040013030760,Ministry of energy ,,41359571,NAIROBI,NAIROBI WEST,GOVT_PARASTATAL,AMR_METERING,,,21745512,21807143,,,,,,,,,,3P4W,1/1/,200/5,1754554252087.jpg,200/5,vt_ratio_1/1,y_n_no,ct_vt_match_yes,None ,zera_test_done_no,,,,,,5.0,5.0,15.0,15.0,4.0,4.0,Not balanced,m_n_clamp_currents_yes,11:13:00.000+03:00,11:13:00.000+03:00,2025-08-07,2025-08-07,81082,80809,1754554463860.jpg,0,0,1754554485462.jpg,7.0,8.0,7.0,8.0,59557,59372,21524,21437,,,242.0,244.0,243.0,5.0,14.0,7.0,0.94,Unbalanced load ,solar_installation_no,,,Replace with advanced meter ,declaration_yes,uuid:fdedc174-7952-44b5-a2ea-42b789497136,-1.3243697 36.8331164 1648.800048828125 100.0,2025-08-07T08:17:24.255Z,283,KPL85008-GABRIEL
162,2025-08-07T10:53:27.713+03:00,2025-08-07T11:06:28.568+03:00,collect:BOOsp9s0hgL4BCg1,"[38.3188267, -2.5329783, 530.0999999999999]",040016121322,SUBATI FLOWERS,,81312470,NAIROBI,MAKUENI,AGRIBUSINESS,POLE_MOUNTED_ELEVATED,20062065kplc,20016121322,Kplc20334235,Kpl21539468,20296095,Kplc 20296095,Na,Na,Kplc20334241,Kpl21539420,,,,3P4W,1/1/,500/5,1754553630094.jpg,500/5,vt_ratio_1/1,y_n_no,ct_vt_match_yes,No mismatch ,zera_test_done_no,,,,,,85.0,89.0,72.0,72.0,69.0,69.0,Balanced ,m_n_clamp_currents_yes,11:01:00.000+03:00,11:01:00.000+03:00,2025-08-07,2025-08-07,20016,16715,1754553749690.jpg,115,98,1754553779336.jpg,62.0,63.0,58.0,81.0,12304,10024,7713,6691,,,233.0,239.0,233.0,78.0,69.0,63.0,0.9,Okay,solar_installation_yes,,,Meter replaced.Old mno 040016111910,declaration_yes,uuid:7f297eb9-1b71-4893-bdb9-2b0b0678ef04,-2.5329783 38.3188267 530.0999999999999 2.700000047683716,2025-08-07T08:07:01.432Z,253,KPL17162-Njaramba
163,2025-08-07T10:48:16.662+03:00,2025-08-07T10:57:39.573+03:00,collect:OUVBvpeZUMgbQSfF,"[36.8319407, -1.3254454, 1641.4000244140625]",040016118792,REREC,,4135981,NAIROBI,NAIROBI WEST,GOVT_PARASTATAL,GROUND_MOUNTED_ELEVATED,Metallic ,,21628451,21745554,,,,,21747412,21628497,,,,3P4W,1/1/,300/5,1754553141042.jpg,300/5,vt_ratio_1/1,y_n_yes,ct_vt_match_yes,None ,zera_test_done_no,,,,,,79.0,79.0,77.0,77.0,113.0,113.0,Not fully achieved ,m_n_clamp_currents_yes,10:53:00.000+03:00,10:53:00.000+03:00,2025-08-07,2025-08-07,1020601,1012574,1754553279683.jpg,0,0,1754553291667.jpg,74.0,73.0,74.0,73.0,573911,569608,446692,442966,,,232.0,236.0,237.0,111.0,79.0,83.0,0.999,Okay ,solar_installation_no,,,Installation okay ,declaration_yes,uuid:54a58186-0c6f-4f39-82dd-9ab15ce98323,-1.3254454 36.8319407 1641.4000244140625 100.0,2025-08-07T07:57:44.313Z,235,KPL84004-KARATU
164,2025-08-07T08:57:28.639+03:00,2025-08-07T10:47:51.955+03:00,collect:g4DxhKlaEMmm7HuE,"[36.8161111, -1.2922106, 0]",040016117496,CAPITOL HILL TOWERS,530218.0,5302187,NAIROBI,NAIROBI WEST,MULTI_USE_OFFICE_COMPLEX,GROUND_MOUNTED_ACCESSIBLE,None,N/A,Kpl21785712,Maintain ,None,N/A,Kpl21730970,Maintain ,Kpl21730952,Kpl217803084n,,,None,3P4W,1/1/,1/1,1754552219447.jpg,1/1,vt_ratio_1/1,y_n_no,ct_vt_match_yes,No mismatch,zera_test_done_no,,,,,,27.0,27.0,36.0,36.0,41.0,41.0,Load balancing oky,m_n_clamp_currents_yes,10:39:00.000+03:00,10:18:00.000+03:00,2025-08-07,2025-08-07,490432,489413,1754552457072.jpg,158,158,1754552493774.jpg,23.9,22.4,19.9,18.6,349082,348392,141350,141021,,14.4,248.0,248.0,248.0,4.0,34.0,40.0,0.945,No phase balancing ,solar_installation_no,,,"Installation is oky .
Phase balancing not observed.
Transformer has 1 single phase out going which has 0 current and 1 3 phase circuit that is operating with the large power meter and also ordinary meters",declaration_yes,uuid:718a597e-3653-4838-9234-273313821d56,-1.2922106 36.8161111 0.0 1000.0,2025-08-07T07:47:53.131Z,237,KPL19742-Muguthi
165,2025-08-07T10:36:56.884+03:00,2025-08-07T10:47:26.170+03:00,collect:OUVBvpeZUMgbQSfF,"[36.8324222, -1.3244564, 1641.4000244140625]",040016115197,GDC,,41359993,NAIROBI,NAIROBI WEST,GOVT_PARASTATAL,GROUND_MOUNTED_ELEVATED,None ,,21747494,21628420,,,,,21747448,21628459,,,,3P4W,1/1/,1/1,1754552560202.jpg,1/1,vt_ratio_1/1,y_n_yes,ct_vt_match_yes,None ,zera_test_done_no,,,,,,6.0,6.0,39.0,39.0,25.0,25.0,Not balanced ,m_n_clamp_currents_yes,10:43:00.000+03:00,10:43:00.000+03:00,2025-08-07,2025-08-07,244400,242539,1754552674949.jpg,5,5,1754552710826.jpg,19.0,21.0,19.0,20.0,155983,154932,88416,87606,,,234.0,238.0,241.0,6.0,36.0,24.0,0.975,Load not balanced ,solar_installation_no,,,None ,declaration_yes,uuid:c8859251-4c0d-4a05-8c13-7c76d2228fd0,-1.3244564 36.8324222 1641.4000244140625 304.1889953613281,2025-08-07T07:47:26.878Z,235,KPL84004-KARATU
166,2025-08-07T10:23:10.233+03:00,2025-08-07T10:35:38.884+03:00,collect:OUVBvpeZUMgbQSfF,"[36.8319331, -1.3257135, 1641.4000244140625]",040016119979,KETRACI,,41360041,NAIROBI,NAIROBI WEST,GOVT_PARASTATAL,GROUND_MOUNTED_ACCESSIBLE,Metallic ,,21628461,21742870,,,,,21628461,21628429,,,,3P4W,1/1/,200/5,1754551766170.jpg,200/5,vt_ratio_1/1,y_n_yes,ct_vt_match_yes,None ,zera_test_done_no,,,,,,79.0,79.0,86.0,86.0,57.0,57.0,Load okay ,m_n_clamp_currents_yes,10:30:00.000+03:00,10:30:00.000+03:00,2025-08-07,2025-08-07,552165,548234,1754551905501.jpg,0,0,1754551924583.jpg,53.0,51.0,53.0,50.0,343261,340804,208905,207429,,,238.0,237.0,239.0,68.0,80.0,62.0,0.982,Okay ,solar_installation_no,,,None ,declaration_yes,uuid:5f563bec-a2fa-4771-9003-410324ea267d,-1.3257135 36.8319331 1641.4000244140625 100.0,2025-08-07T07:35:40.102Z,235,KPL84004-KARATU
167,2025-08-07T09:48:59.645+03:00,2025-08-07T10:30:11.436+03:00,collect:3eJvzIu4Vo5l9Fbu,"[36.8324387, -1.3244357, 1641.4000244140625]",040013031489,Ministry of energy ,,41359946,NAIROBI,NAIROBI WEST,GOVT_PARASTATAL,AMR_METERING,Kp20794193,,20896993,Kpl21628480,,,,,,,Kpl21746456,Kpl21628495,,3P4W,1/1/,200/5,1754550071840.jpg,200/5,vt_ratio_1/1,y_n_no,ct_vt_match_yes,None,zera_test_done_no,,,,,,24.0,24.0,28.0,28.0,27.0,27.0,Balanced ,m_n_clamp_currents_yes,10:07:00.000+03:00,10:07:00.000+03:00,2025-08-07,2025-08-07,599613,598258,1754550884395.jpg,132,132,1754551022038.jpg,23.36,25.0,23.0,25.0,399006,398105,200610,200152,16.0,23.0,238.0,236.0,239.0,28.0,27.0,27.0,0.977,Replace with advanced meter ,solar_installation_no,,,Meter to be replaced with advanced meter ,declaration_yes,uuid:ad5bfda9-fb68-4195-ac3e-74bde31f9441,-1.3244357 36.8324387 1641.4000244140625 96.64099884033203,2025-08-07T07:30:12.765Z,283,KPL85008-GABRIEL
168,2025-08-07T09:29:04.064+03:00,2025-08-07T10:20:50.633+03:00,collect:OUVBvpeZUMgbQSfF,"[36.833022, -1.3245136, 1641.4000244140625]",040015010418,Geothermal Development Company,,41360009,NAIROBI,NAIROBI WEST,GOVT_PARASTATAL,AMR_METERING,21231877,21231877,21746416,21628472,,,,,,,21746468,21628469,,3P4W,1/1/,200/5,1754550055432.jpg,200/5,vt_ratio_1/1,y_n_no,ct_vt_match_yes,None ,zera_test_done_no,,,,,,10.0,10.0,2.0,2.0,9.0,9.0,Load balanced ,m_n_clamp_currents_yes,10:06:00.000+03:00,10:06:00.000+03:00,2025-08-07,2025-08-07,1095657,1095208,1754550607726.jpg,10863,10863,1754550707792.jpg,13.0,13.0,13.0,13.0,627976,627663,467680,467545,,,240.0,241.0,239.0,13.0,2.0,8.0,0.99,Load not balanced,solar_installation_no,,,None ,declaration_yes,uuid:9fc3dda3-c795-4de8-a817-21bd2bfcd4da,-1.3245136 36.833022 1641.4000244140625 899.9990234375,2025-08-07T07:20:51.690Z,235,KPL84004-KARATU
169,2025-08-07T09:01:06.669+03:00,2025-08-07T09:36:18.589+03:00,collect:clhO7Mun9wEJ6ZUG,"[36.8535717, -1.3078422, 1630.800048828125]",040016111381,Kamongo,532001.0,5320015,NAIROBI,NAIROBI SOUTH,MANUFACTURING,GROUND_MOUNTED_ACCESSIBLE,2015,2015,21492323,21538787,20332225,20332225,2015,2015,21492380,21538774,,,N/a,3P4W,1/1/,500/5,1754546974351.jpg,500/5,vt_ratio_1/1,y_n_yes,ct_vt_match_yes,No,zera_test_done_no,,,,,,113.0,113.0,106.0,106.0,77.0,77.0,Ok,m_n_clamp_currents_yes,09:18:00.000+03:00,09:18:00.000+03:00,2025-08-07,2025-08-07,3376258,3374370,1754547620392.jpg,582,582,1754547713563.jpg,53.0,62.0,50.0,58.0,2833564,2832125,542697,542245,,,248.0,247.0,247.0,113.0,106.0,77.0,0.9,Ok,solar_installation_no,,,"Installation okay recommendations O/M to provide standard pard lock for Tx room s/s13839B
Inspected by Onesmus & Florence ",declaration_yes,uuid:0e0ecdae-83d6-41c8-a2ff-ff67120bdcea,-1.3078422 36.8535717 1630.800048828125 60.0,2025-08-07T06:36:19.056Z,275,KPL20048-ONESMUS
170,2025-08-07T08:11:31.873+03:00,2025-08-07T08:45:58.943+03:00,collect:DiuDOZhTJ7fV9id6,"[36.8518196, -1.3057239, 1632.0999755859375]",040010110303,Hypermart limited ,2118469.0,115446518,NAIROBI,NAIROBI SOUTH,SERVICE,AMR_METERING,20783845,20783845,21541324,21538795,N/a,N/a,20NM,20NM,N/a,N/a,21541410,21538800,20612702,3P4W,1/1/,500/5,1754544560206.jpg,500/5,vt_ratio_1/1,y_n_no,ct_vt_match_yes,No,zera_test_done_no,,,,,,17.0,17.0,16.0,16.0,0.0,0.0,Ok single phasing load ,m_n_clamp_currents_yes,08:06:00.000+03:00,08:06:00.000+03:00,2025-08-07,2025-08-07,32472,32405,1754544959317.jpg,1,1,1754545026513.jpg,8.0,9.0,1.0,6.0,21320,21292,11152,11112,7.0,0.0,241.0,240.0,241.0,17.0,17.0,0.0,0.0,Ok single phasing load ,solar_installation_no,,,"Installation okay 

Recommendation: O/M to provide standard padlocks TX room s/s 02329B

Inspected by Florence &Onesmus ",declaration_yes,uuid:0e57478f-1c8d-405a-8ac2-06a6ce619b4f,-1.3057239 36.8518196 1632.0999755859375 4.599999904632568,2025-08-07T05:46:01.215Z,252,KPL15578-Florence
171,2025-08-06T15:58:16.224+03:00,2025-08-06T17:02:41.697+03:00,collect:DiuDOZhTJ7fV9id6,"[36.8473895, -1.3100077, 1635.800048828125]",040010111290,Timsales ltd,3019689.0,3019689,NAIROBI,NAIROBI SOUTH,SERVICE,AMR_METERING,20794683,20794683,21541480,21541480,N/a,N/a,Blue star,Blue star,N/a,N/a,21541406,21538757,20NM,3P4W,1/1/,300/5,1754485628374.jpg,300/5,vt_ratio_1/1,y_n_no,ct_vt_match_yes,No,zera_test_done_no,,,,,,0.0,0.0,0.0,0.0,0.0,0.0,Ok,m_n_clamp_currents_yes,16:08:00.000+03:00,16:08:00.000+03:00,2025-08-06,2025-08-06,1075744,1075744,1754485789251.jpg,2,2,1754485815070.jpg,0.0,0.0,0.0,0.0,631332,631332,444412,444412,0.0,0.0,243.0,245.0,245.0,0.0,0.0,0.0,0.0,Ok,solar_installation_no,,,"Installation okay off supply vacant godown 

Inspected by Florence & Onesmus",declaration_yes,uuid:79d46d37-a280-4776-940c-7acd6869dd43,-1.3100077 36.8473895 1635.800048828125 43.5359992980957,2025-08-06T14:02:45.334Z,252,KPL15578-Florence
172,2025-08-06T14:54:04.965+03:00,2025-08-06T16:42:58.007+03:00,collect:RL23Afo6TksbbPhd,"[34.616166, 0.059318, 1436.3999999999999]",40016120106,Amatsi Water,640097.0,100274802,WEST_KENYA,VIHIGA,WATER_COMPANY,GROUND_MOUNTED_ACCESSIBLE,2021,2021,"Kp21879192, kp20903473",Kp21913340,No TT Block,No TT Block,"21426019, 21426059","21426019, 21426059",Kpl21932006,Kpl21913398,,,Kpl21913354,3P4W,1/1/,1500/5,1754483785886.jpg,1500/5,vt_ratio_1/1,y_n_yes,ct_vt_match_yes,No mismatch,zera_test_done_yes,0.283,Ok,0.35,Ok,meter_pass_test_yes,285.0,285.0,256.0,256.0,243.0,243.0,Ok,m_n_clamp_currents_yes,15:45:00.000+03:00,15:49:00.000+03:00,2025-08-06,2025-08-06,1798745,1788605,1754484629781.jpg,0,0,1754484651336.jpg,367.0,292.0,262.0,286.0,1130007,1123789,668745,664816,0.0,0.0,250.0,246.0,244.0,331.0,297.0,283.0,0.989,Ok,solar_installation_yes,132kw,2021-06-01,Installation inspected ok,declaration_yes,uuid:538e73be-bd40-40a0-bf41-631f0a48651b,0.059318 34.616166 1436.3999999999999 2.0999999046325684,2025-08-06T13:43:02.381Z,225,KPL14302-Kimani
173,2025-08-06T15:51:39.844+03:00,2025-08-06T16:18:43.259+03:00,collect:UfaVbfDyabFnyeJE,"[36.9655038, -1.2652364, 754.8999633789062]",040016113739,Waris agencies ,,13303513,NAIROBI,NAIROBI SOUTH,SHOPPING_MALL,GROUND_MOUNTED_ELEVATED,2015,2015,Kpl21512382,Kpl21512382,Kpl21491901,Kpl21491901,2015,2015,Kpl21535020,Kpl21535083,,,None ,3P4W,1/1/,500/5,1754485644136.jpg,500/5,vt_ratio_1/1,y_n_no,ct_vt_match_yes,None ,zera_test_done_no,,,,,,1.0,1.0,1.0,1.0,7.0,7.0,Balanced ,m_n_clamp_currents_yes,16:12:00.000+03:00,16:12:00.000+03:00,2025-08-06,2025-08-06,3483110,3482832,1754486038325.jpg,1226,1226,1754486083725.jpg,2.4,0.0,2.3,0.0,3031491,3031356,451618,451476,,,250.0,250.0,251.0,1.0,1.0,2.7,0.9,Okay ,solar_installation_no,,,Okay ,declaration_yes,uuid:0d8c2118-be8f-4be8-8e09-49cf476ba986,-1.2652364 36.9655038 754.8999633789062 1986.97998046875,2025-08-06T13:23:09.827Z,197,KPL15666-JUSTUS
174,2025-08-06T15:43:24.745+03:00,2025-08-06T16:03:21.103+03:00,collect:RwyiURSXoLGr5JA8,"[36.878056, -1.3256764, 1619]",040010110442,Kenya Power,121284632.0,12123642,NAIROBI,NAIROBI SOUTH,POWER_GENERATION,GROUND_MOUNTED_ACCESSIBLE,20780566,20780566,20309363,20399363,None,None,N/A,N/A,N/A,No,,,None,3P4W,1/1/,100/5,1754484788030.jpg,100/5,vt_ratio_1/1,y_n_yes,ct_vt_match_yes,No,zera_test_done_no,,,,,,9.0,9.0,3.0,3.0,3.0,3.0,Not balanced,m_n_clamp_currents_yes,15:54:00.000+03:00,15:54:00.000+03:00,2025-08-06,2025-08-06,397473,396943,1754484947483.jpg,0,0,1754484997646.jpg,5.6,6.6,5.5,13.0,245466,245239,152007,151703,6.6,5.5,238.0,239.0,238.0,6.0,3.0,3.0,0.99,Ok,solar_installation_no,,,Ok.no incident,declaration_yes,uuid:949188f3-531f-4df6-bed3-7f7bbfc56e76,-1.3256764 36.878056 1619.0 899.9990234375,2025-08-06T13:03:22.275Z,201,KPL12141-JANET
175,2025-08-06T15:36:19.207+03:00,2025-08-06T15:57:08.220+03:00,collect:DiuDOZhTJ7fV9id6,"[36.8473567, -1.3100004, 1635.800048828125]",040013031243,Berger paints Kenya ltd,3019690.0,3019690,NAIROBI,NAIROBI SOUTH,SERVICE,AMR_METERING,2028 seal no invisible ,2028 seal no invisible,21541408,21541408,N/a,N/a,Blue star ,Blue star ,N/a,21538759,21541491,21538729,20134152,3P4W,1/1/,200/5,1754484461607.jpg,200/5,vt_ratio_1/1,y_n_no,ct_vt_match_yes,No ,zera_test_done_no,,,,,,0.0,0.0,0.0,0.0,0.0,0.0,Ok ,m_n_clamp_currents_yes,15:51:00.000+03:00,15:51:00.000+03:00,2025-08-06,2025-08-06,172828,172828,1754484754837.jpg,0,0,1754484859997.jpg,0.0,0.0,0.0,0.0,164292,164292,8536,8536,0.0,0.0,246.0,246.0,244.0,0.0,0.0,0.0,0.9,Ok.vacant godown ,solar_installation_no,,,"Installation okay 
Vacant godown business relocated 

Inspection done by Florence &
Onesmus",declaration_yes,uuid:cd964028-73cc-4a62-8e2f-9cd367589fb0,-1.3100004 36.8473567 1635.800048828125 114.71800231933594,2025-08-06T12:57:34.916Z,252,KPL15578-Florence
176,2025-08-06T14:53:16.305+03:00,2025-08-06T15:27:57.020+03:00,collect:DiuDOZhTJ7fV9id6,"[36.8481966, -1.3106267, 1639.3]",040016117017,Timsale,531122.0,5311220,NAIROBI,NAIROBI SOUTH,MANUFACTURING,GROUND_MOUNTED_ACCESSIBLE,2016,2016,21541492,21538786,20566137,20566137,2016,2016,"21541441 , 2153541451","21538755 ,21538711",,,N/a,3P4W,1/1/,300/5,1754481845719.jpg,300/5,vt_ratio_1/1,y_n_yes,ct_vt_match_yes,No,zera_test_done_no,,,,,,88.0,88.0,101.0,101.0,99.0,99.0,Okay,m_n_clamp_currents_yes,14:50:00.000+03:00,14:50:00.000+03:00,2025-08-06,2025-08-06,1922485,1918338,1754482282670.jpg,0,0,1754482327795.jpg,95.0,92.0,90.0,91.0,1463388,1460526,459103,457812,,,238.0,237.0,237.0,88.0,101.0,99.0,0.9,Ok,solar_installation_no,,,"Installation okay 
Recommendation s/s 30821B
O/M to provide Tx room with standard multilock",declaration_yes,uuid:45e65850-7258-4215-a935-dc3ac2a070ae,-1.3106267 36.8481966 1639.3 4.699999809265137,2025-08-06T12:27:58.958Z,252,KPL15578-Florence
177,2025-08-06T14:47:50.763+03:00,2025-08-06T15:09:47.440+03:00,collect:yvmW30bqTknuoqZ1,"[36.8780401, -1.328733, 1621.699951171875]",40010110185,Associated steel,11365441.0,107554511,NAIROBI,NAIROBI SOUTH,HOSPITALITY,AMR_METERING,20781800r,20781800,20571681,21541113,Na,Na,None,None,None,None,21541170,21541170,None,3P4W,1/1/,200/5,1754481636719.jpg,200/5,vt_ratio_1/1,y_n_no,ct_vt_match_yes,No,zera_test_done_no,,,,,,13.0,13.0,7.0,7.0,4.0,4.0,Found ok,m_n_clamp_currents_yes,15:03:00.000+03:00,15:03:00.000+03:00,2025-08-06,2025-08-06,523082,522383,1754481889926.jpg,0,0,1754481917479.jpg,16.7,16.2,16.55,16.2,327207,326778,195875,195604,0.0,0.0,240.0,240.0,241.0,16.0,13.0,13.0,0.9,Found supply only one customer ,solar_installation_no,,,None,declaration_yes,uuid:54d257a4-11ba-4174-8c6c-4121ec9bb840,-1.328733 36.8780401 1621.699951171875 3.25,2025-08-06T12:09:49.064Z,196,KPL07541-COLLINS
178,2025-08-06T14:16:35.311+03:00,2025-08-06T14:43:30.252+03:00,collect:4FigmTzClIT0S5pB,"[34.7195653, 0.1012172, 1506]",40016111285,Amatsi water,640204.0,16402042,WEST_KENYA,VIHIGA,WATER_COMPANY,GROUND_MOUNTED_ACCESSIBLE,Kpl21879141,Kpl21879141,Kpl21879143,Kpl21913307,Kpl21879169,Kp22002986,"Kpl21879105, kpl21879168","Kpl21879105, kpl21879168",Kpl21932066,"Kpl21913351,kpl21933304",,,Kp20702994,3P4W,1/1/,1000/5,1754479621088.jpg,1000/5,vt_ratio_1/1,y_n_yes,ct_vt_match_yes,None,zera_test_done_yes,0.2,Okay,0.109,Okay ,,150.0,150.0,130.0,130.0,118.0,118.0,Unbalanced loads,m_n_clamp_currents_yes,14:30:00.000+03:00,14:30:00.000+03:00,2025-08-06,2025-08-06,3397387,3391123,1754479860646.jpg,0,0,1754479887696.jpg,157.0,160.0,156.0,158.0,1998393,1993548,1398995,1397575,157.0,156.0,258.0,257.0,252.0,151.0,134.0,116.0,0.99,Okay,solar_installation_yes,200kw,2021-05-01,Oil leakage at Tx,declaration_yes,uuid:6222dae4-562e-406b-a7e8-74abd019f1e1,0.1012172 34.7195653 1506.0 7.75,2025-08-06T11:43:30.691Z,226,KPL18861-Eugene
179,2025-08-06T14:26:05.639+03:00,2025-08-06T14:41:18.206+03:00,collect:BOOsp9s0hgL4BCg1,"[37.6434829, -1.7923363, 1083.9000244140625]",040016120625,Wote water and sewerage ,,152870683,NAIROBI,MAKUENI,WATER_COMPANY,GROUND_MOUNTED_ELEVATED,A02452,A02452,16120700..16120700,16120700,Na,Na,16120625,16120625,None,Kpl21539402,,,,3P4W,1/1/,200/5,1754480049821.jpg,200/5,vt_ratio_1/1,y_n_no,ct_vt_match_yes,No mismatch ,zera_test_done_no,,,,,,0.2,0.2,0.3,0.3,0.09,0.09,Balanced ,m_n_clamp_currents_yes,14:36:00.000+03:00,14:36:00.000+03:00,2025-08-06,2025-08-06,17732,17718,1754480230449.jpg,0,0,1754480261369.jpg,1.3,82.0,1.3,66.0,11884,11871,5848,5847,,,234.0,236.0,236.0,0.3,0.3,0.09,0.6,Poor pf,solar_installation_no,,,Installation okay,declaration_yes,uuid:43ce3900-5f6e-4749-a898-81d688f05df7,-1.7923363 37.6434829 1083.9000244140625 7.699999809265137,2025-08-06T11:41:19.966Z,253,KPL17162-Njaramba
180,2025-08-06T13:08:46.893+03:00,2025-08-06T13:19:27.282+03:00,collect:BOOsp9s0hgL4BCg1,"[37.6255441, -1.7942836, 1143.800048828125]",040016118781,Judiciary ,,123438897,NAIROBI,MAKUENI,GOVT_PARASTATAL,GROUND_MOUNTED_ELEVATED,2019,2019,None,Kpl21539469,Na,Na,001114.001113,001114..001113,None,Kpl21539487,,,,3P4W,1/1/,500/5,1754475262114.jpg,500/5,vt_ratio_1/1,y_n_no,ct_vt_match_yes,No mismatch ,zera_test_done_no,,,,,,4.0,4.0,5.0,5.0,10.0,10.0,Not balanced ,m_n_clamp_currents_yes,13:15:00.000+03:00,13:15:00.000+03:00,2025-08-06,2025-08-06,288720,288454,1754475382912.jpg,0,0,1754475429639.jpg,7.0,9.0,6.0,8.0,184062,183886,104658,104567,,,246.0,244.0,244.0,4.0,4.0,10.0,0.9,Okay ,solar_installation_no,,,Installation okay,declaration_yes,uuid:9ce43d28-a621-478a-988f-c06f1ff55fe3,-1.7942836 37.6255441 1143.800048828125 7.400000095367432,2025-08-06T10:19:28.950Z,253,KPL17162-Njaramba
181,2025-08-06T12:22:09.459+03:00,2025-08-06T12:33:24.958+03:00,collect:BOOsp9s0hgL4BCg1,"[37.6140456, -1.7953879, 548.7999877929688]",040016118694,SOUTH EASTERN UNIVERSITY COLLEGE ,,131106197,NAIROBI,MAKUENI,ACADEMIC_INSTITUTIONS,GROUND_MOUNTED_ACCESSIBLE,2019,2019,20602571,Kp20602571,Na,Na,001138..001193,001138..001193,None,Kpl 21539427,,,,3P4W,1/1/,300/5,1754472446600.jpg,300/5,vt_ratio_1/1,y_n_no,ct_vt_match_yes,No mismatch ,zera_test_done_no,,,,,,0.9,0.9,0.7,0.7,7.0,7.0,Not balanced ,m_n_clamp_currents_yes,12:29:00.000+03:00,12:29:00.000+03:00,2025-08-06,2025-08-06,93098,92772,1754472619647.jpg,0,0,1754472635875.jpg,6.0,7.0,6.0,6.0,43831,43713,49267,49059,,,242.0,244.0,242.0,0.9,0.6,7.0,0.9,Okay ,solar_installation_no,,,Installation okay,declaration_yes,uuid:cc41ff24-b572-4be0-9f89-14170f9e8257,-1.7953879 37.6140456 548.7999877929688 104.0999984741211,2025-08-06T09:33:27.235Z,253,KPL17162-Njaramba
182,2025-08-06T11:21:12.414+03:00,2025-08-06T11:40:11.934+03:00,collect:BOOsp9s0hgL4BCg1,"[37.6644187, -1.8473203, 1146.9000244140625]",040016120351,ENI KENYA BV,13306767.0,172826305,NAIROBI,MAKUENI,MANUFACTURING,GROUND_MOUNTED_ACCESSIBLE,Kplc 20233193,Kplc20233193,Kplc 20944392,Kp 20944392,Kp 20944394,Kp 20944394,21423884..21423868,21423884.21423868,Kplc 21539421,Kpl 21539410,,,Kp 20930783.…kp20933070.kp20930784..kp 20930770,3P4W,33000/110,50/1,1754469021439.jpg,50/1,vt_ratio_33000/110,y_n_no,ct_vt_match_yes,No mismatch ,zera_test_done_no,,,,,,4.0,4.0,5.0,5.0,4.0,4.0,Balanced ,m_n_clamp_currents_yes,11:32:00.000+03:00,11:32:00.000+03:00,2025-08-06,2025-08-06,6164103,6156112,1754469227925.jpg,0,0,1754469275388.jpg,270.0,435.0,285.0,465.0,3029892,3024510,3134227,3131602,,,18822.0,18873.0,18978.0,4.0,4.0,5.0,0.9,Installation kay,solar_installation_no,,,Installation okay,declaration_yes,uuid:a2f67ce7-f2d6-4f65-a1fa-2fe3276da212,-1.8473203 37.6644187 1146.9000244140625 11.28600025177002,2025-08-06T08:40:14.029Z,253,KPL17162-Njaramba
183,2025-08-06T11:18:57.177+03:00,2025-08-06T11:33:32.557+03:00,collect:LSPXbPYfTkiXC3UP,"[36.0722964, -0.2850288, 1831.4000244140625]",040016116317,Rift valley sports club,533323.0,15333230,CENTRAL_RIFT,NAKURU,HOSPITALITY,GROUND_MOUNTED_ACCESSIBLE,0,0,21358703,21417061,20215607,20215607,0,0,21333273,21417061,,,,3P4W,1/1/,200/5,1754468816156.jpg,200/5,vt_ratio_1/1,y_n_yes,ct_vt_match_yes,No mismatch ,zera_test_done_no,,,,,,19.0,18.5,22.5,22.0,28.0,27.5,Balanced ,m_n_clamp_currents_yes,11:28:00.000+03:00,11:28:00.000+03:00,2025-08-06,2025-08-06,1635738,1632596,1754468997289.jpg,1771,1767,1754469045424.jpg,72.0,80.0,72.0,80.0,999987,99800,635751,634596,72.0,72.0,240.0,236.0,236.0,18.6,52.0,53.0,0.96,Metering okay ,solar_installation_yes,150 w,2025-08-06,No reportable incidence ,declaration_yes,uuid:7873f229-4270-4546-b959-e9f00980b817,-0.2850288 36.0722964 1831.4000244140625 13.866999626159668,2025-08-06T08:33:34.486Z,256,KPL16026-PAUL
